case_id,source_sample,source_conditioning_metal,known_biological_label,geometry,selected_by_Ca,selected_by_La,role,chain,resnum,atom,source_atom_id,metal_O_distance_A,atom_displacement_A,typed_role_contact_count_3p1A,maximum_heavy_displacement_A,boundary
PQQSEQ_07ab500e3df76b30d71c_AF3_sample0,0,La,,adaptive_Ca,True,False,anchor_asparagine,A,287,OD1,"[0, 286, ""OD1""]",2.41634227707914,1.3877787807814457e-17,1,0.6834481778931139,False
PQQSEQ_07ab500e3df76b30d71c_AF3_sample0,0,La,,adaptive_Ca,True,False,anchor_glutamate,A,203,OE1,"[0, 202, ""OE1""]",2.2452079094958375,0.13364574425305195,1,0.6834481778931139,False
PQQSEQ_07ab500e3df76b30d71c_AF3_sample0,0,La,,adaptive_Ca,True,False,anchor_glutamate,A,203,OE2,"[0, 202, ""OE2""]",3.3682792161392925,0.07645743651702282,1,0.6834481778931139,False
PQQSEQ_07ab500e3df76b30d71c_AF3_sample0,0,La,,adaptive_Ca,True,False,catalytic_aspartate,A,329,OD1,"[0, 328, ""OD1""]",2.915446621017096,0.0,1,0.6834481778931139,False
PQQSEQ_07ab500e3df76b30d71c_AF3_sample0,0,La,,adaptive_Ca,True,False,catalytic_aspartate,A,329,OD2,"[0, 328, ""OD2""]",3.822980120272665,0.0,1,0.6834481778931139,False
PQQSEQ_07ab500e3df76b30d71c_AF3_sample0,0,La,,adaptive_Ca,True,False,extra_acidic_ligand_homolog,A,331,OD1,"[0, 330, ""OD1""]",4.1423166751940474,0.6834481778931139,1,0.6834481778931139,False
PQQSEQ_07ab500e3df76b30d71c_AF3_sample0,0,La,,adaptive_Ca,True,False,extra_acidic_ligand_homolog,A,331,OD2,"[0, 330, ""OD2""]",2.2823137636518993,0.5299576387758246,1,0.6834481778931139,False
PQQSEQ_07ab500e3df76b30d71c_AF3_sample0,0,La,,adaptive_La,False,True,anchor_asparagine,A,287,OD1,"[0, 286, ""OD1""]",2.41634227707914,1.3877787807814457e-17,1,0.7999999990912268,True
PQQSEQ_07ab500e3df76b30d71c_AF3_sample0,0,La,,adaptive_La,False,True,anchor_glutamate,A,203,OE1,"[0, 202, ""OE1""]",2.5107082615244676,0.2680189290927747,1,0.7999999990912268,True
PQQSEQ_07ab500e3df76b30d71c_AF3_sample0,0,La,,adaptive_La,False,True,anchor_glutamate,A,203,OE2,"[0, 202, ""OE2""]",3.14939032645706,0.16424880186744123,1,0.7999999990912268,True
PQQSEQ_07ab500e3df76b30d71c_AF3_sample0,0,La,,adaptive_La,False,True,catalytic_aspartate,A,329,OD1,"[0, 328, ""OD1""]",2.915446621017096,0.0,1,0.7999999990912268,True
PQQSEQ_07ab500e3df76b30d71c_AF3_sample0,0,La,,adaptive_La,False,True,catalytic_aspartate,A,329,OD2,"[0, 328, ""OD2""]",3.822980120272665,0.0,1,0.7999999990912268,True
PQQSEQ_07ab500e3df76b30d71c_AF3_sample0,0,La,,adaptive_La,False,True,extra_acidic_ligand_homolog,A,331,OD1,"[0, 330, ""OD1""]",4.214118742580129,0.7999999990912268,1,0.7999999990912268,True
PQQSEQ_07ab500e3df76b30d71c_AF3_sample0,0,La,,adaptive_La,False,True,extra_acidic_ligand_homolog,A,331,OD2,"[0, 330, ""OD2""]",2.349525170833651,0.6039193778456953,1,0.7999999990912268,True
PQQSEQ_07ab500e3df76b30d71c_AF3_sample0,0,La,,origin,False,False,anchor_asparagine,A,287,OD1,"[0, 286, ""OD1""]",2.41634227707914,1.3877787807814457e-17,1,2.220446049250313e-16,False
PQQSEQ_07ab500e3df76b30d71c_AF3_sample0,0,La,,origin,False,False,anchor_glutamate,A,203,OE1,"[0, 202, ""OE1""]",2.322667647340014,0.0,1,2.220446049250313e-16,False
PQQSEQ_07ab500e3df76b30d71c_AF3_sample0,0,La,,origin,False,False,anchor_glutamate,A,203,OE2,"[0, 202, ""OE2""]",3.308055924557504,1.1102230246251565e-16,1,2.220446049250313e-16,False
PQQSEQ_07ab500e3df76b30d71c_AF3_sample0,0,La,,origin,False,False,catalytic_aspartate,A,329,OD1,"[0, 328, ""OD1""]",2.915446621017096,0.0,1,2.220446049250313e-16,False
PQQSEQ_07ab500e3df76b30d71c_AF3_sample0,0,La,,origin,False,False,catalytic_aspartate,A,329,OD2,"[0, 328, ""OD2""]",3.822980120272665,0.0,1,2.220446049250313e-16,False
PQQSEQ_07ab500e3df76b30d71c_AF3_sample0,0,La,,origin,False,False,extra_acidic_ligand_homolog,A,331,OD1,"[0, 330, ""OD1""]",3.714012520172757,1.1102230246251565e-16,1,2.220446049250313e-16,False
PQQSEQ_07ab500e3df76b30d71c_AF3_sample0,0,La,,origin,False,False,extra_acidic_ligand_homolog,A,331,OD2,"[0, 330, ""OD2""]",1.8469328628837596,2.220446049250313e-16,1,2.220446049250313e-16,False
PQQSEQ_07ab500e3df76b30d71c_AF3_sample1,1,La,,adaptive_Ca,True,False,anchor_asparagine,A,287,OD1,"[0, 286, ""OD1""]",2.514616074075722,0.0,1,0.8000000000000015,True
PQQSEQ_07ab500e3df76b30d71c_AF3_sample1,1,La,,adaptive_Ca,True,False,anchor_glutamate,A,203,OE1,"[0, 202, ""OE1""]",2.2154466011066285,0.058293885277271584,1,0.8000000000000015,True
PQQSEQ_07ab500e3df76b30d71c_AF3_sample1,1,La,,adaptive_Ca,True,False,anchor_glutamate,A,203,OE2,"[0, 202, ""OE2""]",3.5087188599126136,0.10343321608202487,1,0.8000000000000015,True
PQQSEQ_07ab500e3df76b30d71c_AF3_sample1,1,La,,adaptive_Ca,True,False,catalytic_aspartate,A,329,OD1,"[0, 328, ""OD1""]",2.821865163327262,1.1102230246251565e-16,1,0.8000000000000015,True
PQQSEQ_07ab500e3df76b30d71c_AF3_sample1,1,La,,adaptive_Ca,True,False,catalytic_aspartate,A,329,OD2,"[0, 328, ""OD2""]",3.623205348858935,0.0,1,0.8000000000000015,True
PQQSEQ_07ab500e3df76b30d71c_AF3_sample1,1,La,,adaptive_Ca,True,False,extra_acidic_ligand_homolog,A,331,OD1,"[0, 330, ""OD1""]",4.3314056934506695,0.8000000000000006,1,0.8000000000000015,True
PQQSEQ_07ab500e3df76b30d71c_AF3_sample1,1,La,,adaptive_Ca,True,False,extra_acidic_ligand_homolog,A,331,OD2,"[0, 330, ""OD2""]",2.219368022585769,0.8000000000000015,1,0.8000000000000015,True
PQQSEQ_07ab500e3df76b30d71c_AF3_sample1,1,La,,adaptive_La,False,True,anchor_asparagine,A,287,OD1,"[0, 286, ""OD1""]",2.514616074075722,0.0,1,0.8000000000000004,True
PQQSEQ_07ab500e3df76b30d71c_AF3_sample1,1,La,,adaptive_La,False,True,anchor_glutamate,A,203,OE1,"[0, 202, ""OE1""]",2.6241989966413075,0.6456369806184464,1,0.8000000000000004,True
PQQSEQ_07ab500e3df76b30d71c_AF3_sample1,1,La,,adaptive_La,False,True,anchor_glutamate,A,203,OE2,"[0, 202, ""OE2""]",3.1344522551949936,0.4213923312286014,1,0.8000000000000004,True
PQQSEQ_07ab500e3df76b30d71c_AF3_sample1,1,La,,adaptive_La,False,True,catalytic_aspartate,A,329,OD1,"[0, 328, ""OD1""]",2.821865163327262,1.1102230246251565e-16,1,0.8000000000000004,True
PQQSEQ_07ab500e3df76b30d71c_AF3_sample1,1,La,,adaptive_La,False,True,catalytic_aspartate,A,329,OD2,"[0, 328, ""OD2""]",3.623205348858935,0.0,1,0.8000000000000004,True
PQQSEQ_07ab500e3df76b30d71c_AF3_sample1,1,La,,adaptive_La,False,True,extra_acidic_ligand_homolog,A,331,OD1,"[0, 330, ""OD1""]",4.3314056934506695,0.8000000000000004,1,0.8000000000000004,True
PQQSEQ_07ab500e3df76b30d71c_AF3_sample1,1,La,,adaptive_La,False,True,extra_acidic_ligand_homolog,A,331,OD2,"[0, 330, ""OD2""]",2.219368022585768,0.7999999999999998,1,0.8000000000000004,True
PQQSEQ_07ab500e3df76b30d71c_AF3_sample1,1,La,,origin,False,False,anchor_asparagine,A,287,OD1,"[0, 286, ""OD1""]",2.514616074075722,0.0,1,1.1102230246251565e-16,False
PQQSEQ_07ab500e3df76b30d71c_AF3_sample1,1,La,,origin,False,False,anchor_glutamate,A,203,OE1,"[0, 202, ""OE1""]",2.2106544279918556,0.0,1,1.1102230246251565e-16,False
PQQSEQ_07ab500e3df76b30d71c_AF3_sample1,1,La,,origin,False,False,anchor_glutamate,A,203,OE2,"[0, 202, ""OE2""]",3.540699789589623,0.0,1,1.1102230246251565e-16,False
PQQSEQ_07ab500e3df76b30d71c_AF3_sample1,1,La,,origin,False,False,catalytic_aspartate,A,329,OD1,"[0, 328, ""OD1""]",2.821865163327262,1.1102230246251565e-16,1,1.1102230246251565e-16,False
PQQSEQ_07ab500e3df76b30d71c_AF3_sample1,1,La,,origin,False,False,catalytic_aspartate,A,329,OD2,"[0, 328, ""OD2""]",3.623205348858935,0.0,1,1.1102230246251565e-16,False
PQQSEQ_07ab500e3df76b30d71c_AF3_sample1,1,La,,origin,False,False,extra_acidic_ligand_homolog,A,331,OD1,"[0, 330, ""OD1""]",3.674882447099499,0.0,1,1.1102230246251565e-16,False
PQQSEQ_07ab500e3df76b30d71c_AF3_sample1,1,La,,origin,False,False,extra_acidic_ligand_homolog,A,331,OD2,"[0, 330, ""OD2""]",1.7347913419198284,0.0,1,1.1102230246251565e-16,False
PQQSEQ_07ab500e3df76b30d71c_AF3_sample2,2,La,,adaptive_Ca,True,False,anchor_asparagine,A,287,OD1,"[0, 286, ""OD1""]",2.4445663426836277,0.06402117468130132,1,0.5208530118500645,False
PQQSEQ_07ab500e3df76b30d71c_AF3_sample2,2,La,,adaptive_Ca,True,False,anchor_glutamate,A,203,OE1,"[0, 202, ""OE1""]",2.4484262579998504,0.5208530118500645,1,0.5208530118500645,False
PQQSEQ_07ab500e3df76b30d71c_AF3_sample2,2,La,,adaptive_Ca,True,False,anchor_glutamate,A,203,OE2,"[0, 202, ""OE2""]",3.205292364416703,0.4191938367419297,1,0.5208530118500645,False
PQQSEQ_07ab500e3df76b30d71c_AF3_sample2,2,La,,adaptive_Ca,True,False,catalytic_aspartate,A,329,OD1,"[0, 328, ""OD1""]",3.273968998020599,0.0,0,0.5208530118500645,False
PQQSEQ_07ab500e3df76b30d71c_AF3_sample2,2,La,,adaptive_Ca,True,False,catalytic_aspartate,A,329,OD2,"[0, 328, ""OD2""]",4.218617546068854,0.0,0,0.5208530118500645,False
PQQSEQ_07ab500e3df76b30d71c_AF3_sample2,2,La,,adaptive_Ca,True,False,extra_acidic_ligand_homolog,A,331,OD1,"[0, 330, ""OD1""]",3.55900643922848,0.3097558494597981,1,0.5208530118500645,False
PQQSEQ_07ab500e3df76b30d71c_AF3_sample2,2,La,,adaptive_Ca,True,False,extra_acidic_ligand_homolog,A,331,OD2,"[0, 330, ""OD2""]",2.167582304721094,0.30033164560152686,1,0.5208530118500645,False
PQQSEQ_07ab500e3df76b30d71c_AF3_sample2,2,La,,adaptive_La,False,True,anchor_asparagine,A,287,OD1,"[0, 286, ""OD1""]",2.559299422658044,0.24743742838758895,1,0.6901778870677758,False
PQQSEQ_07ab500e3df76b30d71c_AF3_sample2,2,La,,adaptive_La,False,True,anchor_glutamate,A,203,OE1,"[0, 202, ""OE1""]",2.536000744955807,0.6104170693423355,1,0.6901778870677758,False
PQQSEQ_07ab500e3df76b30d71c_AF3_sample2,2,La,,adaptive_La,False,True,anchor_glutamate,A,203,OE2,"[0, 202, ""OE2""]",3.1362980534698712,0.5234011506140583,1,0.6901778870677758,False
PQQSEQ_07ab500e3df76b30d71c_AF3_sample2,2,La,,adaptive_La,False,True,catalytic_aspartate,A,329,OD1,"[0, 328, ""OD1""]",3.273968998020599,0.0,0,0.6901778870677758,False
PQQSEQ_07ab500e3df76b30d71c_AF3_sample2,2,La,,adaptive_La,False,True,catalytic_aspartate,A,329,OD2,"[0, 328, ""OD2""]",4.218617546068854,0.0,0,0.6901778870677758,False
PQQSEQ_07ab500e3df76b30d71c_AF3_sample2,2,La,,adaptive_La,False,True,extra_acidic_ligand_homolog,A,331,OD1,"[0, 330, ""OD1""]",3.4423070241941662,0.6901778870677758,1,0.6901778870677758,False
PQQSEQ_07ab500e3df76b30d71c_AF3_sample2,2,La,,adaptive_La,False,True,extra_acidic_ligand_homolog,A,331,OD2,"[0, 330, ""OD2""]",2.3173146165415113,0.6691794874651846,1,0.6901778870677758,False
PQQSEQ_07ab500e3df76b30d71c_AF3_sample2,2,La,,origin,False,False,anchor_asparagine,A,287,OD1,"[0, 286, ""OD1""]",2.4081322638094447,0.0,1,2.220446049250313e-16,False
PQQSEQ_07ab500e3df76b30d71c_AF3_sample2,2,La,,origin,False,False,anchor_glutamate,A,203,OE1,"[0, 202, ""OE1""]",2.210456287737896,1.942890293094024e-16,1,2.220446049250313e-16,False
PQQSEQ_07ab500e3df76b30d71c_AF3_sample2,2,La,,origin,False,False,anchor_glutamate,A,203,OE2,"[0, 202, ""OE2""]",3.5149846372352753,5.551115123125783e-17,1,2.220446049250313e-16,False
PQQSEQ_07ab500e3df76b30d71c_AF3_sample2,2,La,,origin,False,False,catalytic_aspartate,A,329,OD1,"[0, 328, ""OD1""]",3.273968998020599,0.0,0,2.220446049250313e-16,False
PQQSEQ_07ab500e3df76b30d71c_AF3_sample2,2,La,,origin,False,False,catalytic_aspartate,A,329,OD2,"[0, 328, ""OD2""]",4.218617546068854,0.0,0,2.220446049250313e-16,False
PQQSEQ_07ab500e3df76b30d71c_AF3_sample2,2,La,,origin,False,False,extra_acidic_ligand_homolog,A,331,OD1,"[0, 330, ""OD1""]",3.6041047432060016,0.0,1,2.220446049250313e-16,False
PQQSEQ_07ab500e3df76b30d71c_AF3_sample2,2,La,,origin,False,False,extra_acidic_ligand_homolog,A,331,OD2,"[0, 330, ""OD2""]",2.120061319867894,0.0,1,2.220446049250313e-16,False
PQQSEQ_83440678cbbd658047c9_AF3_sample0,0,La,,adaptive_Ca,True,False,anchor_asparagine,A,263,OD1,"[0, 262, ""OD1""]",2.3213274219721787,0.0,1,0.7613848561915016,False
PQQSEQ_83440678cbbd658047c9_AF3_sample0,0,La,,adaptive_Ca,True,False,anchor_glutamate,A,193,OE1,"[0, 192, ""OE1""]",2.2848527495188855,0.057969694594468255,2,0.7613848561915016,False
PQQSEQ_83440678cbbd658047c9_AF3_sample0,0,La,,adaptive_Ca,True,False,anchor_glutamate,A,193,OE2,"[0, 192, ""OE2""]",2.9791383850719537,0.07147640033038913,2,0.7613848561915016,False
PQQSEQ_83440678cbbd658047c9_AF3_sample0,0,La,,adaptive_Ca,True,False,catalytic_aspartate,A,305,OD1,"[0, 304, ""OD1""]",3.634187254394027,0.0,0,0.7613848561915016,False
PQQSEQ_83440678cbbd658047c9_AF3_sample0,0,La,,adaptive_Ca,True,False,catalytic_aspartate,A,305,OD2,"[0, 304, ""OD2""]",4.508524592369437,0.0,0,0.7613848561915016,False
PQQSEQ_83440678cbbd658047c9_AF3_sample0,0,La,,adaptive_Ca,True,False,extra_acidic_ligand_homolog,A,307,OD1,"[0, 306, ""OD1""]",3.3619276938337896,0.34422884069086895,1,0.7613848561915016,False
PQQSEQ_83440678cbbd658047c9_AF3_sample0,0,La,,adaptive_Ca,True,False,extra_acidic_ligand_homolog,A,307,OD2,"[0, 306, ""OD2""]",2.411329834863781,0.7613848561915016,1,0.7613848561915016,False
PQQSEQ_83440678cbbd658047c9_AF3_sample0,0,La,,adaptive_La,False,True,anchor_asparagine,A,263,OD1,"[0, 262, ""OD1""]",2.3213274219721787,0.0,1,0.7999999977505889,True
PQQSEQ_83440678cbbd658047c9_AF3_sample0,0,La,,adaptive_La,False,True,anchor_glutamate,A,193,OE1,"[0, 192, ""OE1""]",2.592606934792522,0.46678011001376085,2,0.7999999977505889,True
PQQSEQ_83440678cbbd658047c9_AF3_sample0,0,La,,adaptive_La,False,True,anchor_glutamate,A,193,OE2,"[0, 192, ""OE2""]",2.7276427594457764,0.3074006664068241,2,0.7999999977505889,True
PQQSEQ_83440678cbbd658047c9_AF3_sample0,0,La,,adaptive_La,False,True,catalytic_aspartate,A,305,OD1,"[0, 304, ""OD1""]",3.634187254394027,0.0,0,0.7999999977505889,True
PQQSEQ_83440678cbbd658047c9_AF3_sample0,0,La,,adaptive_La,False,True,catalytic_aspartate,A,305,OD2,"[0, 304, ""OD2""]",4.508524592369437,0.0,0,0.7999999977505889,True
PQQSEQ_83440678cbbd658047c9_AF3_sample0,0,La,,adaptive_La,False,True,extra_acidic_ligand_homolog,A,307,OD1,"[0, 306, ""OD1""]",3.30375208933937,0.4322300892464657,1,0.7999999977505889,True
PQQSEQ_83440678cbbd658047c9_AF3_sample0,0,La,,adaptive_La,False,True,extra_acidic_ligand_homolog,A,307,OD2,"[0, 306, ""OD2""]",2.450467198736889,0.799999997750589,1,0.7999999977505889,True
PQQSEQ_83440678cbbd658047c9_AF3_sample0,0,La,,origin,False,False,anchor_asparagine,A,263,OD1,"[0, 262, ""OD1""]",2.3213274219721787,0.0,1,0.0,False
PQQSEQ_83440678cbbd658047c9_AF3_sample0,0,La,,origin,False,False,anchor_glutamate,A,193,OE1,"[0, 192, ""OE1""]",2.2500624435779555,0.0,2,0.0,False
PQQSEQ_83440678cbbd658047c9_AF3_sample0,0,La,,origin,False,False,anchor_glutamate,A,193,OE2,"[0, 192, ""OE2""]",3.0133765114900597,0.0,2,0.0,False
PQQSEQ_83440678cbbd658047c9_AF3_sample0,0,La,,origin,False,False,catalytic_aspartate,A,305,OD1,"[0, 304, ""OD1""]",3.634187254394027,0.0,0,0.0,False
PQQSEQ_83440678cbbd658047c9_AF3_sample0,0,La,,origin,False,False,catalytic_aspartate,A,305,OD2,"[0, 304, ""OD2""]",4.508524592369437,0.0,0,0.0,False
PQQSEQ_83440678cbbd658047c9_AF3_sample0,0,La,,origin,False,False,extra_acidic_ligand_homolog,A,307,OD1,"[0, 306, ""OD1""]",3.537870687292004,0.0,1,0.0,False
PQQSEQ_83440678cbbd658047c9_AF3_sample0,0,La,,origin,False,False,extra_acidic_ligand_homolog,A,307,OD2,"[0, 306, ""OD2""]",1.7661542967702453,0.0,1,0.0,False
PQQSEQ_83440678cbbd658047c9_AF3_sample1,1,La,,adaptive_Ca,True,False,anchor_asparagine,A,263,OD1,"[0, 262, ""OD1""]",2.3607960828370493,0.04026112222658578,1,0.30106728708988423,False
PQQSEQ_83440678cbbd658047c9_AF3_sample1,1,La,,adaptive_Ca,True,False,anchor_glutamate,A,193,OE1,"[0, 192, ""OE1""]",2.405680699645757,0.30106728708988423,2,0.30106728708988423,False
PQQSEQ_83440678cbbd658047c9_AF3_sample1,1,La,,adaptive_Ca,True,False,anchor_glutamate,A,193,OE2,"[0, 192, ""OE2""]",2.944650814594606,0.22544108489583162,2,0.30106728708988423,False
PQQSEQ_83440678cbbd658047c9_AF3_sample1,1,La,,adaptive_Ca,True,False,catalytic_aspartate,A,305,OD1,"[0, 304, ""OD1""]",3.591326217429989,0.0,0,0.30106728708988423,False
PQQSEQ_83440678cbbd658047c9_AF3_sample1,1,La,,adaptive_Ca,True,False,catalytic_aspartate,A,305,OD2,"[0, 304, ""OD2""]",4.488032642483787,0.0,0,0.30106728708988423,False
PQQSEQ_83440678cbbd658047c9_AF3_sample1,1,La,,adaptive_Ca,True,False,extra_acidic_ligand_homolog,A,307,OD1,"[0, 306, ""OD1""]",3.2629220165926807,0.09478559975064818,1,0.30106728708988423,False
PQQSEQ_83440678cbbd658047c9_AF3_sample1,1,La,,adaptive_Ca,True,False,extra_acidic_ligand_homolog,A,307,OD2,"[0, 306, ""OD2""]",2.0280855541548086,0.0962273017897455,1,0.30106728708988423,False
PQQSEQ_83440678cbbd658047c9_AF3_sample1,1,La,,adaptive_La,False,True,anchor_asparagine,A,263,OD1,"[0, 262, ""OD1""]",2.5125313013098673,0.28411851098448443,1,0.8,True
PQQSEQ_83440678cbbd658047c9_AF3_sample1,1,La,,adaptive_La,False,True,anchor_glutamate,A,193,OE1,"[0, 192, ""OE1""]",2.5522728311789558,0.4028048421643511,2,0.8,True
PQQSEQ_83440678cbbd658047c9_AF3_sample1,1,La,,adaptive_La,False,True,anchor_glutamate,A,193,OE2,"[0, 192, ""OE2""]",2.8363693777356342,0.3740236026037444,2,0.8,True
PQQSEQ_83440678cbbd658047c9_AF3_sample1,1,La,,adaptive_La,False,True,catalytic_aspartate,A,305,OD1,"[0, 304, ""OD1""]",3.591326217429989,0.0,0,0.8,True
PQQSEQ_83440678cbbd658047c9_AF3_sample1,1,La,,adaptive_La,False,True,catalytic_aspartate,A,305,OD2,"[0, 304, ""OD2""]",4.488032642483787,0.0,0,0.8,True
PQQSEQ_83440678cbbd658047c9_AF3_sample1,1,La,,adaptive_La,False,True,extra_acidic_ligand_homolog,A,307,OD1,"[0, 306, ""OD1""]",2.9736876799467735,0.7880141954536266,2,0.8,True
PQQSEQ_83440678cbbd658047c9_AF3_sample1,1,La,,adaptive_La,False,True,extra_acidic_ligand_homolog,A,307,OD2,"[0, 306, ""OD2""]",2.4507993121967937,0.8,2,0.8,True
PQQSEQ_83440678cbbd658047c9_AF3_sample1,1,La,,origin,False,False,anchor_asparagine,A,263,OD1,"[0, 262, ""OD1""]",2.3386094158708937,0.0,1,4.440892098500626e-16,False
PQQSEQ_83440678cbbd658047c9_AF3_sample1,1,La,,origin,False,False,anchor_glutamate,A,193,OE1,"[0, 192, ""OE1""]",2.2708471987344283,0.0,2,4.440892098500626e-16,False
PQQSEQ_83440678cbbd658047c9_AF3_sample1,1,La,,origin,False,False,anchor_glutamate,A,193,OE2,"[0, 192, ""OE2""]",3.07790074563817,0.0,2,4.440892098500626e-16,False
PQQSEQ_83440678cbbd658047c9_AF3_sample1,1,La,,origin,False,False,catalytic_aspartate,A,305,OD1,"[0, 304, ""OD1""]",3.591326217429989,0.0,0,4.440892098500626e-16,False
PQQSEQ_83440678cbbd658047c9_AF3_sample1,1,La,,origin,False,False,catalytic_aspartate,A,305,OD2,"[0, 304, ""OD2""]",4.488032642483787,0.0,0,4.440892098500626e-16,False
PQQSEQ_83440678cbbd658047c9_AF3_sample1,1,La,,origin,False,False,extra_acidic_ligand_homolog,A,307,OD1,"[0, 306, ""OD1""]",3.247574633476496,0.0,1,4.440892098500626e-16,False
PQQSEQ_83440678cbbd658047c9_AF3_sample1,1,La,,origin,False,False,extra_acidic_ligand_homolog,A,307,OD2,"[0, 306, ""OD2""]",2.0549902676168568,4.440892098500626e-16,1,4.440892098500626e-16,False
PQQSEQ_83440678cbbd658047c9_AF3_sample2,2,La,,adaptive_Ca,True,False,anchor_asparagine,A,263,OD1,"[0, 262, ""OD1""]",2.357035638254118,0.0,1,0.7999999797839231,True
PQQSEQ_83440678cbbd658047c9_AF3_sample2,2,La,,adaptive_Ca,True,False,anchor_glutamate,A,193,OE1,"[0, 192, ""OE1""]",2.3971928215792566,0.27992443895817315,2,0.7999999797839231,True
PQQSEQ_83440678cbbd658047c9_AF3_sample2,2,La,,adaptive_Ca,True,False,anchor_glutamate,A,193,OE2,"[0, 192, ""OE2""]",2.9302975369950115,0.2244907193295103,2,0.7999999797839231,True
PQQSEQ_83440678cbbd658047c9_AF3_sample2,2,La,,adaptive_Ca,True,False,catalytic_aspartate,A,305,OD1,"[0, 304, ""OD1""]",3.802508251141606,0.0,0,0.7999999797839231,True
PQQSEQ_83440678cbbd658047c9_AF3_sample2,2,La,,adaptive_Ca,True,False,catalytic_aspartate,A,305,OD2,"[0, 304, ""OD2""]",4.597241020438236,0.0,0,0.7999999797839231,True
PQQSEQ_83440678cbbd658047c9_AF3_sample2,2,La,,adaptive_Ca,True,False,extra_acidic_ligand_homolog,A,307,OD1,"[0, 306, ""OD1""]",3.34581325414214,0.5535802735298279,1,0.7999999797839231,True
PQQSEQ_83440678cbbd658047c9_AF3_sample2,2,La,,adaptive_Ca,True,False,extra_acidic_ligand_homolog,A,307,OD2,"[0, 306, ""OD2""]",2.304017495699797,0.799999979783923,1,0.7999999797839231,True
PQQSEQ_83440678cbbd658047c9_AF3_sample2,2,La,,adaptive_La,False,True,anchor_asparagine,A,263,OD1,"[0, 262, ""OD1""]",2.357035638254118,0.0,1,0.7999999974457596,True
PQQSEQ_83440678cbbd658047c9_AF3_sample2,2,La,,adaptive_La,False,True,anchor_glutamate,A,193,OE1,"[0, 192, ""OE1""]",2.5569745097520413,0.43179444253611704,2,0.7999999974457596,True
PQQSEQ_83440678cbbd658047c9_AF3_sample2,2,La,,adaptive_La,False,True,anchor_glutamate,A,193,OE2,"[0, 192, ""OE2""]",2.817167141980351,0.42666458039935395,2,0.7999999974457596,True
PQQSEQ_83440678cbbd658047c9_AF3_sample2,2,La,,adaptive_La,False,True,catalytic_aspartate,A,305,OD1,"[0, 304, ""OD1""]",3.802508251141606,0.0,0,0.7999999974457596,True
PQQSEQ_83440678cbbd658047c9_AF3_sample2,2,La,,adaptive_La,False,True,catalytic_aspartate,A,305,OD2,"[0, 304, ""OD2""]",4.597241020438236,0.0,0,0.7999999974457596,True
PQQSEQ_83440678cbbd658047c9_AF3_sample2,2,La,,adaptive_La,False,True,extra_acidic_ligand_homolog,A,307,OD1,"[0, 306, ""OD1""]",3.3213760028516304,0.5945095617123106,1,0.7999999974457596,True
PQQSEQ_83440678cbbd658047c9_AF3_sample2,2,La,,adaptive_La,False,True,extra_acidic_ligand_homolog,A,307,OD2,"[0, 306, ""OD2""]",2.304470568387466,0.7999999974457596,1,0.7999999974457596,True
PQQSEQ_83440678cbbd658047c9_AF3_sample2,2,La,,origin,False,False,anchor_asparagine,A,263,OD1,"[0, 262, ""OD1""]",2.357035638254118,0.0,1,0.0,False
PQQSEQ_83440678cbbd658047c9_AF3_sample2,2,La,,origin,False,False,anchor_glutamate,A,193,OE1,"[0, 192, ""OE1""]",2.2306568539333878,0.0,2,0.0,False
PQQSEQ_83440678cbbd658047c9_AF3_sample2,2,La,,origin,False,False,anchor_glutamate,A,193,OE2,"[0, 192, ""OE2""]",3.078152855203913,0.0,2,0.0,False
PQQSEQ_83440678cbbd658047c9_AF3_sample2,2,La,,origin,False,False,catalytic_aspartate,A,305,OD1,"[0, 304, ""OD1""]",3.802508251141606,0.0,0,0.0,False
PQQSEQ_83440678cbbd658047c9_AF3_sample2,2,La,,origin,False,False,catalytic_aspartate,A,305,OD2,"[0, 304, ""OD2""]",4.597241020438236,0.0,0,0.0,False
PQQSEQ_83440678cbbd658047c9_AF3_sample2,2,La,,origin,False,False,extra_acidic_ligand_homolog,A,307,OD1,"[0, 306, ""OD1""]",3.5622210768002596,0.0,1,0.0,False
PQQSEQ_83440678cbbd658047c9_AF3_sample2,2,La,,origin,False,False,extra_acidic_ligand_homolog,A,307,OD2,"[0, 306, ""OD2""]",1.7000061764593677,0.0,1,0.0,False
