triple_id,protein_id,selection_id,expected_class,method,R_model_kcal_mol,decision,outcome
triple_000,a0a3f2yly8-pqq-la_model,a0a3f2yly8-pqq-la_model__envelope_e05e200a13d024a5,La,envelope_mathematical,-405450.8192425,La-supported,correct
triple_000,a0a3f2yly8-pqq-la_model,a0a3f2yly8-pqq-la_model__envelope_e05e200a13d024a5,La,envelope_operational,-405450.8192425,La-supported,correct
triple_000,a0a3f2yly8-pqq-la_model,a0a3f2yly8-pqq-la_model__envelope_e05e200a13d024a5,La,envelope_origin,-405461.14928958326,inconclusive,inconclusive
triple_000,a0a3f2yly8-pqq-la_model,a0a3f2yly8-pqq-la_model__envelope_e05e200a13d024a5,La,released_static,-405456.8948552082,La-supported,correct
triple_000,a0a3f2yly8-pqq-la_model,a0a3f2yly8-pqq-la_model__envelope_e05e200a13d024a5,La,tenfold_precision,-405448.44580516015,La-supported,correct
triple_000,a0a3f2yly8-pqq-la_model,a0a3f2yly8-pqq-la_model__envelope_e05e200a13d024a5,La,tenfold_strict,-405448.4472830517,La-supported,correct
triple_000,a0a3f2yly8-pqq-la_model,a0a3f2yly8-pqq-la_model__envelope_e05e200a13d024a5,La,threefold3p5,-405446.70871191524,La-supported,correct
triple_001,a0a3f2yly8-pqq-la_model,a0a3f2yly8-pqq-la_model__envelope_e05e200a13d024a5,La,envelope_mathematical,-405437.74387924676,La-supported,correct
triple_001,a0a3f2yly8-pqq-la_model,a0a3f2yly8-pqq-la_model__envelope_e05e200a13d024a5,La,envelope_operational,-405437.74387924676,La-supported,correct
triple_001,a0a3f2yly8-pqq-la_model,a0a3f2yly8-pqq-la_model__envelope_e05e200a13d024a5,La,envelope_origin,-405443.9596978707,La-supported,correct
triple_001,a0a3f2yly8-pqq-la_model,a0a3f2yly8-pqq-la_model__envelope_e05e200a13d024a5,La,released_static,-405439.9871370081,La-supported,correct
triple_001,a0a3f2yly8-pqq-la_model,a0a3f2yly8-pqq-la_model__envelope_e05e200a13d024a5,La,tenfold_precision,-405434.2585198095,La-supported,correct
triple_001,a0a3f2yly8-pqq-la_model,a0a3f2yly8-pqq-la_model__envelope_e05e200a13d024a5,La,tenfold_strict,-405434.2633251899,La-supported,correct
triple_001,a0a3f2yly8-pqq-la_model,a0a3f2yly8-pqq-la_model__envelope_e05e200a13d024a5,La,threefold3p5,-405433.8188573205,La-supported,correct
triple_002,a0a3f2yly8-pqq-la_model,a0a3f2yly8-pqq-la_model__envelope_e05e200a13d024a5,La,envelope_mathematical,-405450.8192425,La-supported,correct
triple_002,a0a3f2yly8-pqq-la_model,a0a3f2yly8-pqq-la_model__envelope_e05e200a13d024a5,La,envelope_operational,-405450.8192425,La-supported,correct
triple_002,a0a3f2yly8-pqq-la_model,a0a3f2yly8-pqq-la_model__envelope_e05e200a13d024a5,La,envelope_origin,-405461.14928958326,inconclusive,inconclusive
triple_002,a0a3f2yly8-pqq-la_model,a0a3f2yly8-pqq-la_model__envelope_e05e200a13d024a5,La,released_static,-405456.8948552082,La-supported,correct
triple_002,a0a3f2yly8-pqq-la_model,a0a3f2yly8-pqq-la_model__envelope_e05e200a13d024a5,La,tenfold_precision,-405448.44580516015,La-supported,correct
triple_002,a0a3f2yly8-pqq-la_model,a0a3f2yly8-pqq-la_model__envelope_e05e200a13d024a5,La,tenfold_strict,-405448.4472830517,La-supported,correct
triple_002,a0a3f2yly8-pqq-la_model,a0a3f2yly8-pqq-la_model__envelope_e05e200a13d024a5,La,threefold3p5,-405446.70871191524,La-supported,correct
triple_003,a0a3f2yly8-pqq-la_model,a0a3f2yly8-pqq-la_model__envelope_e05e200a13d024a5,La,envelope_mathematical,-405437.74387924676,La-supported,correct
triple_003,a0a3f2yly8-pqq-la_model,a0a3f2yly8-pqq-la_model__envelope_e05e200a13d024a5,La,envelope_operational,-405437.74387924676,La-supported,correct
triple_003,a0a3f2yly8-pqq-la_model,a0a3f2yly8-pqq-la_model__envelope_e05e200a13d024a5,La,envelope_origin,-405443.9596978707,La-supported,correct
triple_003,a0a3f2yly8-pqq-la_model,a0a3f2yly8-pqq-la_model__envelope_e05e200a13d024a5,La,released_static,-405439.9871370081,La-supported,correct
triple_003,a0a3f2yly8-pqq-la_model,a0a3f2yly8-pqq-la_model__envelope_e05e200a13d024a5,La,tenfold_precision,-405434.2585198095,La-supported,correct
triple_003,a0a3f2yly8-pqq-la_model,a0a3f2yly8-pqq-la_model__envelope_e05e200a13d024a5,La,tenfold_strict,-405434.2633251899,La-supported,correct
triple_003,a0a3f2yly8-pqq-la_model,a0a3f2yly8-pqq-la_model__envelope_e05e200a13d024a5,La,threefold3p5,-405433.8188573205,La-supported,correct
triple_004,a0acd6b9f2-pqq-la_model,a0acd6b9f2-pqq-la_model__envelope_2eda778295ffed58,La,envelope_mathematical,,unavailable,unavailable
triple_004,a0acd6b9f2-pqq-la_model,a0acd6b9f2-pqq-la_model__envelope_2eda778295ffed58,La,envelope_operational,,unavailable,unavailable
triple_004,a0acd6b9f2-pqq-la_model,a0acd6b9f2-pqq-la_model__envelope_2eda778295ffed58,La,envelope_origin,-405444.45390334935,La-supported,correct
triple_004,a0acd6b9f2-pqq-la_model,a0acd6b9f2-pqq-la_model__envelope_2eda778295ffed58,La,released_static,-405438.7537810008,La-supported,correct
triple_004,a0acd6b9f2-pqq-la_model,a0acd6b9f2-pqq-la_model__envelope_2eda778295ffed58,La,tenfold_precision,-405443.6340125193,La-supported,correct
triple_004,a0acd6b9f2-pqq-la_model,a0acd6b9f2-pqq-la_model__envelope_2eda778295ffed58,La,tenfold_strict,-405443.63400195085,La-supported,correct
triple_004,a0acd6b9f2-pqq-la_model,a0acd6b9f2-pqq-la_model__envelope_2eda778295ffed58,La,threefold3p5,-405439.4293802323,La-supported,correct
triple_005,a0acd6b9f2-pqq-la_model,a0acd6b9f2-pqq-la_model__envelope_2eda778295ffed58,La,envelope_mathematical,,unavailable,unavailable
triple_005,a0acd6b9f2-pqq-la_model,a0acd6b9f2-pqq-la_model__envelope_2eda778295ffed58,La,envelope_operational,,unavailable,unavailable
triple_005,a0acd6b9f2-pqq-la_model,a0acd6b9f2-pqq-la_model__envelope_2eda778295ffed58,La,envelope_origin,-405444.64574145543,La-supported,correct
triple_005,a0acd6b9f2-pqq-la_model,a0acd6b9f2-pqq-la_model__envelope_2eda778295ffed58,La,released_static,-405441.4565402912,La-supported,correct
triple_005,a0acd6b9f2-pqq-la_model,a0acd6b9f2-pqq-la_model__envelope_2eda778295ffed58,La,tenfold_precision,-405440.90860391833,La-supported,correct
triple_005,a0acd6b9f2-pqq-la_model,a0acd6b9f2-pqq-la_model__envelope_2eda778295ffed58,La,tenfold_strict,-405440.9108616686,La-supported,correct
triple_005,a0acd6b9f2-pqq-la_model,a0acd6b9f2-pqq-la_model__envelope_2eda778295ffed58,La,threefold3p5,-405440.90860391833,La-supported,correct
triple_006,a0acd6b9f2-pqq-la_model,a0acd6b9f2-pqq-la_model__envelope_2eda778295ffed58,La,envelope_mathematical,,unavailable,unavailable
triple_006,a0acd6b9f2-pqq-la_model,a0acd6b9f2-pqq-la_model__envelope_2eda778295ffed58,La,envelope_operational,,unavailable,unavailable
triple_006,a0acd6b9f2-pqq-la_model,a0acd6b9f2-pqq-la_model__envelope_2eda778295ffed58,La,envelope_origin,-405444.64574145543,La-supported,correct
triple_006,a0acd6b9f2-pqq-la_model,a0acd6b9f2-pqq-la_model__envelope_2eda778295ffed58,La,released_static,-405441.4565402912,La-supported,correct
triple_006,a0acd6b9f2-pqq-la_model,a0acd6b9f2-pqq-la_model__envelope_2eda778295ffed58,La,tenfold_precision,-405443.6340125193,La-supported,correct
triple_006,a0acd6b9f2-pqq-la_model,a0acd6b9f2-pqq-la_model__envelope_2eda778295ffed58,La,tenfold_strict,-405443.63400195085,La-supported,correct
triple_006,a0acd6b9f2-pqq-la_model,a0acd6b9f2-pqq-la_model__envelope_2eda778295ffed58,La,threefold3p5,-405443.6340125193,La-supported,correct
triple_007,a0acd6b9f2-pqq-la_model,a0acd6b9f2-pqq-la_model__envelope_2eda778295ffed58,La,envelope_mathematical,-405440.5035823147,La-supported,correct
triple_007,a0acd6b9f2-pqq-la_model,a0acd6b9f2-pqq-la_model__envelope_2eda778295ffed58,La,envelope_operational,-405440.5035823147,La-supported,correct
triple_007,a0acd6b9f2-pqq-la_model,a0acd6b9f2-pqq-la_model__envelope_2eda778295ffed58,La,envelope_origin,-405444.45390334935,La-supported,correct
triple_007,a0acd6b9f2-pqq-la_model,a0acd6b9f2-pqq-la_model__envelope_2eda778295ffed58,La,released_static,-405438.7537810008,La-supported,correct
triple_007,a0acd6b9f2-pqq-la_model,a0acd6b9f2-pqq-la_model__envelope_2eda778295ffed58,La,tenfold_precision,-405440.90860391833,La-supported,correct
triple_007,a0acd6b9f2-pqq-la_model,a0acd6b9f2-pqq-la_model__envelope_2eda778295ffed58,La,tenfold_strict,-405440.9108616686,La-supported,correct
triple_007,a0acd6b9f2-pqq-la_model,a0acd6b9f2-pqq-la_model__envelope_2eda778295ffed58,La,threefold3p5,-405440.90860391833,La-supported,correct
triple_008,a8r3s4-pqq-la_model,a8r3s4-pqq-la_model__envelope_5eba0c9b39ead1ee,Ca,envelope_mathematical,-405468.8050421818,Ca-supported,correct
triple_008,a8r3s4-pqq-la_model,a8r3s4-pqq-la_model__envelope_5eba0c9b39ead1ee,Ca,envelope_operational,-405468.8050421818,Ca-supported,correct
triple_008,a8r3s4-pqq-la_model,a8r3s4-pqq-la_model__envelope_5eba0c9b39ead1ee,Ca,envelope_origin,-405477.657441034,Ca-supported,correct
triple_008,a8r3s4-pqq-la_model,a8r3s4-pqq-la_model__envelope_5eba0c9b39ead1ee,Ca,released_static,-405468.19660733227,Ca-supported,correct
triple_008,a8r3s4-pqq-la_model,a8r3s4-pqq-la_model__envelope_5eba0c9b39ead1ee,Ca,tenfold_precision,-405467.34665158624,Ca-supported,correct
triple_008,a8r3s4-pqq-la_model,a8r3s4-pqq-la_model__envelope_5eba0c9b39ead1ee,Ca,tenfold_strict,-405467.34947838023,Ca-supported,correct
triple_008,a8r3s4-pqq-la_model,a8r3s4-pqq-la_model__envelope_5eba0c9b39ead1ee,Ca,threefold3p5,-405460.145287161,inconclusive,inconclusive
triple_009,a8r3s4-pqq-la_model,a8r3s4-pqq-la_model__envelope_5eba0c9b39ead1ee,Ca,envelope_mathematical,-405478.77418364,Ca-supported,correct
triple_009,a8r3s4-pqq-la_model,a8r3s4-pqq-la_model__envelope_5eba0c9b39ead1ee,Ca,envelope_operational,-405478.77418364,Ca-supported,correct
triple_009,a8r3s4-pqq-la_model,a8r3s4-pqq-la_model__envelope_5eba0c9b39ead1ee,Ca,envelope_origin,-405483.6465764734,Ca-supported,correct
triple_009,a8r3s4-pqq-la_model,a8r3s4-pqq-la_model__envelope_5eba0c9b39ead1ee,Ca,released_static,-405475.83304374584,Ca-supported,correct
triple_009,a8r3s4-pqq-la_model,a8r3s4-pqq-la_model__envelope_5eba0c9b39ead1ee,Ca,tenfold_precision,-405473.6396747861,Ca-supported,correct
triple_009,a8r3s4-pqq-la_model,a8r3s4-pqq-la_model__envelope_5eba0c9b39ead1ee,Ca,tenfold_strict,-405473.5976275456,Ca-supported,correct
triple_009,a8r3s4-pqq-la_model,a8r3s4-pqq-la_model__envelope_5eba0c9b39ead1ee,Ca,threefold3p5,-405470.2446254575,Ca-supported,correct
triple_010,a8r3s4-pqq-la_model,a8r3s4-pqq-la_model__envelope_5eba0c9b39ead1ee,Ca,envelope_mathematical,-405468.8050421818,Ca-supported,correct
triple_010,a8r3s4-pqq-la_model,a8r3s4-pqq-la_model__envelope_5eba0c9b39ead1ee,Ca,envelope_operational,-405468.8050421818,Ca-supported,correct
triple_010,a8r3s4-pqq-la_model,a8r3s4-pqq-la_model__envelope_5eba0c9b39ead1ee,Ca,envelope_origin,-405477.657441034,Ca-supported,correct
triple_010,a8r3s4-pqq-la_model,a8r3s4-pqq-la_model__envelope_5eba0c9b39ead1ee,Ca,released_static,-405468.19660733227,Ca-supported,correct
triple_010,a8r3s4-pqq-la_model,a8r3s4-pqq-la_model__envelope_5eba0c9b39ead1ee,Ca,tenfold_precision,-405467.34665158624,Ca-supported,correct
triple_010,a8r3s4-pqq-la_model,a8r3s4-pqq-la_model__envelope_5eba0c9b39ead1ee,Ca,tenfold_strict,-405467.34947838023,Ca-supported,correct
triple_010,a8r3s4-pqq-la_model,a8r3s4-pqq-la_model__envelope_5eba0c9b39ead1ee,Ca,threefold3p5,-405460.145287161,inconclusive,inconclusive
triple_011,a8r3s4-pqq-la_model,a8r3s4-pqq-la_model__envelope_5eba0c9b39ead1ee,Ca,envelope_mathematical,-405478.77418364,Ca-supported,correct
triple_011,a8r3s4-pqq-la_model,a8r3s4-pqq-la_model__envelope_5eba0c9b39ead1ee,Ca,envelope_operational,-405478.77418364,Ca-supported,correct
triple_011,a8r3s4-pqq-la_model,a8r3s4-pqq-la_model__envelope_5eba0c9b39ead1ee,Ca,envelope_origin,-405483.6465764734,Ca-supported,correct
triple_011,a8r3s4-pqq-la_model,a8r3s4-pqq-la_model__envelope_5eba0c9b39ead1ee,Ca,released_static,-405475.83304374584,Ca-supported,correct
triple_011,a8r3s4-pqq-la_model,a8r3s4-pqq-la_model__envelope_5eba0c9b39ead1ee,Ca,tenfold_precision,-405473.6396747861,Ca-supported,correct
triple_011,a8r3s4-pqq-la_model,a8r3s4-pqq-la_model__envelope_5eba0c9b39ead1ee,Ca,tenfold_strict,-405473.5976275456,Ca-supported,correct
triple_011,a8r3s4-pqq-la_model,a8r3s4-pqq-la_model__envelope_5eba0c9b39ead1ee,Ca,threefold3p5,-405468.17649893055,Ca-supported,correct
triple_012,atq70401.1-pqq-la_model,atq70401.1-pqq-la_model__envelope_1de9a1c85821aa97,Ca,envelope_mathematical,-405484.8978447319,Ca-supported,correct
triple_012,atq70401.1-pqq-la_model,atq70401.1-pqq-la_model__envelope_1de9a1c85821aa97,Ca,envelope_operational,-405484.8978447319,Ca-supported,correct
triple_012,atq70401.1-pqq-la_model,atq70401.1-pqq-la_model__envelope_1de9a1c85821aa97,Ca,envelope_origin,-405492.90278772597,Ca-supported,correct
triple_012,atq70401.1-pqq-la_model,atq70401.1-pqq-la_model__envelope_1de9a1c85821aa97,Ca,released_static,-405493.7503391556,Ca-supported,correct
triple_012,atq70401.1-pqq-la_model,atq70401.1-pqq-la_model__envelope_1de9a1c85821aa97,Ca,tenfold_precision,-405485.3942981285,Ca-supported,correct
triple_012,atq70401.1-pqq-la_model,atq70401.1-pqq-la_model__envelope_1de9a1c85821aa97,Ca,tenfold_strict,-405485.3615528914,Ca-supported,correct
triple_012,atq70401.1-pqq-la_model,atq70401.1-pqq-la_model__envelope_1de9a1c85821aa97,Ca,threefold3p5,-405485.3942981285,Ca-supported,correct
triple_013,atq70401.1-pqq-la_model,atq70401.1-pqq-la_model__envelope_1de9a1c85821aa97,Ca,envelope_mathematical,-405484.8978447319,Ca-supported,correct
triple_013,atq70401.1-pqq-la_model,atq70401.1-pqq-la_model__envelope_1de9a1c85821aa97,Ca,envelope_operational,-405484.8978447319,Ca-supported,correct
triple_013,atq70401.1-pqq-la_model,atq70401.1-pqq-la_model__envelope_1de9a1c85821aa97,Ca,envelope_origin,-405492.90278772597,Ca-supported,correct
triple_013,atq70401.1-pqq-la_model,atq70401.1-pqq-la_model__envelope_1de9a1c85821aa97,Ca,released_static,-405493.7503391556,Ca-supported,correct
triple_013,atq70401.1-pqq-la_model,atq70401.1-pqq-la_model__envelope_1de9a1c85821aa97,Ca,tenfold_precision,-405485.3942981285,Ca-supported,correct
triple_013,atq70401.1-pqq-la_model,atq70401.1-pqq-la_model__envelope_1de9a1c85821aa97,Ca,tenfold_strict,-405485.3615528914,Ca-supported,correct
triple_013,atq70401.1-pqq-la_model,atq70401.1-pqq-la_model__envelope_1de9a1c85821aa97,Ca,threefold3p5,-405485.3942981285,Ca-supported,correct
triple_014,atq70401.1-pqq-la_model,atq70401.1-pqq-la_model__envelope_1de9a1c85821aa97,Ca,envelope_mathematical,-405486.251157077,Ca-supported,correct
triple_014,atq70401.1-pqq-la_model,atq70401.1-pqq-la_model__envelope_1de9a1c85821aa97,Ca,envelope_operational,-405486.251157077,Ca-supported,correct
triple_014,atq70401.1-pqq-la_model,atq70401.1-pqq-la_model__envelope_1de9a1c85821aa97,Ca,envelope_origin,-405495.8789875044,Ca-supported,correct
triple_014,atq70401.1-pqq-la_model,atq70401.1-pqq-la_model__envelope_1de9a1c85821aa97,Ca,released_static,-405497.12697468954,Ca-supported,correct
triple_014,atq70401.1-pqq-la_model,atq70401.1-pqq-la_model__envelope_1de9a1c85821aa97,Ca,tenfold_precision,-405486.73956671625,Ca-supported,correct
triple_014,atq70401.1-pqq-la_model,atq70401.1-pqq-la_model__envelope_1de9a1c85821aa97,Ca,tenfold_strict,-405488.4033164783,Ca-supported,correct
triple_014,atq70401.1-pqq-la_model,atq70401.1-pqq-la_model__envelope_1de9a1c85821aa97,Ca,threefold3p5,-405486.73956671625,Ca-supported,correct
triple_015,atq70401.1-pqq-la_model,atq70401.1-pqq-la_model__envelope_1de9a1c85821aa97,Ca,envelope_mathematical,-405486.251157077,Ca-supported,correct
triple_015,atq70401.1-pqq-la_model,atq70401.1-pqq-la_model__envelope_1de9a1c85821aa97,Ca,envelope_operational,-405486.251157077,Ca-supported,correct
triple_015,atq70401.1-pqq-la_model,atq70401.1-pqq-la_model__envelope_1de9a1c85821aa97,Ca,envelope_origin,-405495.8789875044,Ca-supported,correct
triple_015,atq70401.1-pqq-la_model,atq70401.1-pqq-la_model__envelope_1de9a1c85821aa97,Ca,released_static,-405497.12697468954,Ca-supported,correct
triple_015,atq70401.1-pqq-la_model,atq70401.1-pqq-la_model__envelope_1de9a1c85821aa97,Ca,tenfold_precision,-405486.73956671625,Ca-supported,correct
triple_015,atq70401.1-pqq-la_model,atq70401.1-pqq-la_model__envelope_1de9a1c85821aa97,Ca,tenfold_strict,-405488.4033164783,Ca-supported,correct
triple_015,atq70401.1-pqq-la_model,atq70401.1-pqq-la_model__envelope_1de9a1c85821aa97,Ca,threefold3p5,-405486.73956671625,Ca-supported,correct
triple_016,bbl57595.1-pqq-la_model,bbl57595.1-pqq-la_model__envelope_58e1b3ec0c1917b9,Ca,envelope_mathematical,-405485.4231672567,Ca-supported,correct
triple_016,bbl57595.1-pqq-la_model,bbl57595.1-pqq-la_model__envelope_58e1b3ec0c1917b9,Ca,envelope_operational,-405485.4231672567,Ca-supported,correct
triple_016,bbl57595.1-pqq-la_model,bbl57595.1-pqq-la_model__envelope_58e1b3ec0c1917b9,Ca,envelope_origin,-405494.47702370014,Ca-supported,correct
triple_016,bbl57595.1-pqq-la_model,bbl57595.1-pqq-la_model__envelope_58e1b3ec0c1917b9,Ca,released_static,-405492.96858367196,Ca-supported,correct
triple_016,bbl57595.1-pqq-la_model,bbl57595.1-pqq-la_model__envelope_58e1b3ec0c1917b9,Ca,tenfold_precision,-405482.13126279565,Ca-supported,correct
triple_016,bbl57595.1-pqq-la_model,bbl57595.1-pqq-la_model__envelope_58e1b3ec0c1917b9,Ca,tenfold_strict,-405482.1325064253,Ca-supported,correct
triple_016,bbl57595.1-pqq-la_model,bbl57595.1-pqq-la_model__envelope_58e1b3ec0c1917b9,Ca,threefold3p5,-405482.13126279565,Ca-supported,correct
triple_017,bbl57595.1-pqq-la_model,bbl57595.1-pqq-la_model__envelope_58e1b3ec0c1917b9,Ca,envelope_mathematical,-405485.78748238256,Ca-supported,correct
triple_017,bbl57595.1-pqq-la_model,bbl57595.1-pqq-la_model__envelope_58e1b3ec0c1917b9,Ca,envelope_operational,-405485.78748238256,Ca-supported,correct
triple_017,bbl57595.1-pqq-la_model,bbl57595.1-pqq-la_model__envelope_58e1b3ec0c1917b9,Ca,envelope_origin,-405494.4448147295,Ca-supported,correct
triple_017,bbl57595.1-pqq-la_model,bbl57595.1-pqq-la_model__envelope_58e1b3ec0c1917b9,Ca,released_static,-405492.6309236791,Ca-supported,correct
triple_017,bbl57595.1-pqq-la_model,bbl57595.1-pqq-la_model__envelope_58e1b3ec0c1917b9,Ca,tenfold_precision,-405482.13126279565,Ca-supported,correct
triple_017,bbl57595.1-pqq-la_model,bbl57595.1-pqq-la_model__envelope_58e1b3ec0c1917b9,Ca,tenfold_strict,-405482.1325064253,Ca-supported,correct
triple_017,bbl57595.1-pqq-la_model,bbl57595.1-pqq-la_model__envelope_58e1b3ec0c1917b9,Ca,threefold3p5,-405482.13126279565,Ca-supported,correct
triple_018,bbl57595.1-pqq-la_model,bbl57595.1-pqq-la_model__envelope_58e1b3ec0c1917b9,Ca,envelope_mathematical,-405485.78748238256,Ca-supported,correct
triple_018,bbl57595.1-pqq-la_model,bbl57595.1-pqq-la_model__envelope_58e1b3ec0c1917b9,Ca,envelope_operational,-405485.78748238256,Ca-supported,correct
triple_018,bbl57595.1-pqq-la_model,bbl57595.1-pqq-la_model__envelope_58e1b3ec0c1917b9,Ca,envelope_origin,-405494.4448147295,Ca-supported,correct
triple_018,bbl57595.1-pqq-la_model,bbl57595.1-pqq-la_model__envelope_58e1b3ec0c1917b9,Ca,released_static,-405492.6309236791,Ca-supported,correct
triple_018,bbl57595.1-pqq-la_model,bbl57595.1-pqq-la_model__envelope_58e1b3ec0c1917b9,Ca,tenfold_precision,-405482.64081090555,Ca-supported,correct
triple_018,bbl57595.1-pqq-la_model,bbl57595.1-pqq-la_model__envelope_58e1b3ec0c1917b9,Ca,tenfold_strict,-405482.64118324145,Ca-supported,correct
triple_018,bbl57595.1-pqq-la_model,bbl57595.1-pqq-la_model__envelope_58e1b3ec0c1917b9,Ca,threefold3p5,-405482.64081090555,Ca-supported,correct
triple_019,bbl57595.1-pqq-la_model,bbl57595.1-pqq-la_model__envelope_58e1b3ec0c1917b9,Ca,envelope_mathematical,-405485.4231672567,Ca-supported,correct
triple_019,bbl57595.1-pqq-la_model,bbl57595.1-pqq-la_model__envelope_58e1b3ec0c1917b9,Ca,envelope_operational,-405485.4231672567,Ca-supported,correct
triple_019,bbl57595.1-pqq-la_model,bbl57595.1-pqq-la_model__envelope_58e1b3ec0c1917b9,Ca,envelope_origin,-405494.47702370014,Ca-supported,correct
triple_019,bbl57595.1-pqq-la_model,bbl57595.1-pqq-la_model__envelope_58e1b3ec0c1917b9,Ca,released_static,-405492.96858367196,Ca-supported,correct
triple_019,bbl57595.1-pqq-la_model,bbl57595.1-pqq-la_model__envelope_58e1b3ec0c1917b9,Ca,tenfold_precision,-405482.64081090555,Ca-supported,correct
triple_019,bbl57595.1-pqq-la_model,bbl57595.1-pqq-la_model__envelope_58e1b3ec0c1917b9,Ca,tenfold_strict,-405482.64118324145,Ca-supported,correct
triple_019,bbl57595.1-pqq-la_model,bbl57595.1-pqq-la_model__envelope_58e1b3ec0c1917b9,Ca,threefold3p5,-405482.64081090555,Ca-supported,correct
triple_020,c5atj3-pqq-la_model,c5atj3-pqq-la_model__envelope_531a4a67d5ba9360,La,envelope_mathematical,-405435.9417208932,La-supported,correct
triple_020,c5atj3-pqq-la_model,c5atj3-pqq-la_model__envelope_531a4a67d5ba9360,La,envelope_operational,-405435.9417208932,La-supported,correct
triple_020,c5atj3-pqq-la_model,c5atj3-pqq-la_model__envelope_531a4a67d5ba9360,La,envelope_origin,-405438.7429294598,La-supported,correct
triple_020,c5atj3-pqq-la_model,c5atj3-pqq-la_model__envelope_531a4a67d5ba9360,La,released_static,-405438.5586343447,La-supported,correct
triple_020,c5atj3-pqq-la_model,c5atj3-pqq-la_model__envelope_531a4a67d5ba9360,La,tenfold_precision,-405436.1791406948,La-supported,correct
triple_020,c5atj3-pqq-la_model,c5atj3-pqq-la_model__envelope_531a4a67d5ba9360,La,tenfold_strict,-405436.17902176105,La-supported,correct
triple_020,c5atj3-pqq-la_model,c5atj3-pqq-la_model__envelope_531a4a67d5ba9360,La,threefold3p5,-405436.1791406948,La-supported,correct
triple_021,c5atj3-pqq-la_model,c5atj3-pqq-la_model__envelope_531a4a67d5ba9360,La,envelope_mathematical,-405435.9417208932,La-supported,correct
triple_021,c5atj3-pqq-la_model,c5atj3-pqq-la_model__envelope_531a4a67d5ba9360,La,envelope_operational,-405435.9417208932,La-supported,correct
triple_021,c5atj3-pqq-la_model,c5atj3-pqq-la_model__envelope_531a4a67d5ba9360,La,envelope_origin,-405438.7429294598,La-supported,correct
triple_021,c5atj3-pqq-la_model,c5atj3-pqq-la_model__envelope_531a4a67d5ba9360,La,released_static,-405438.5586343447,La-supported,correct
triple_021,c5atj3-pqq-la_model,c5atj3-pqq-la_model__envelope_531a4a67d5ba9360,La,tenfold_precision,-405436.1791406948,La-supported,correct
triple_021,c5atj3-pqq-la_model,c5atj3-pqq-la_model__envelope_531a4a67d5ba9360,La,tenfold_strict,-405436.17902176105,La-supported,correct
triple_021,c5atj3-pqq-la_model,c5atj3-pqq-la_model__envelope_531a4a67d5ba9360,La,threefold3p5,-405436.1791406948,La-supported,correct
triple_022,c5atj3-pqq-la_model,c5atj3-pqq-la_model__envelope_531a4a67d5ba9360,La,envelope_mathematical,-405442.8169553422,La-supported,correct
triple_022,c5atj3-pqq-la_model,c5atj3-pqq-la_model__envelope_531a4a67d5ba9360,La,envelope_operational,-405442.8169553422,La-supported,correct
triple_022,c5atj3-pqq-la_model,c5atj3-pqq-la_model__envelope_531a4a67d5ba9360,La,envelope_origin,-405443.59339367296,La-supported,correct
triple_022,c5atj3-pqq-la_model,c5atj3-pqq-la_model__envelope_531a4a67d5ba9360,La,released_static,-405440.06205581996,La-supported,correct
triple_022,c5atj3-pqq-la_model,c5atj3-pqq-la_model__envelope_531a4a67d5ba9360,La,tenfold_precision,-405437.7305880537,La-supported,correct
triple_022,c5atj3-pqq-la_model,c5atj3-pqq-la_model__envelope_531a4a67d5ba9360,La,tenfold_strict,-405437.757312537,La-supported,correct
triple_022,c5atj3-pqq-la_model,c5atj3-pqq-la_model__envelope_531a4a67d5ba9360,La,threefold3p5,-405437.7305880537,La-supported,correct
triple_023,c5atj3-pqq-la_model,c5atj3-pqq-la_model__envelope_531a4a67d5ba9360,La,envelope_mathematical,-405442.8169553422,La-supported,correct
triple_023,c5atj3-pqq-la_model,c5atj3-pqq-la_model__envelope_531a4a67d5ba9360,La,envelope_operational,-405442.8169553422,La-supported,correct
triple_023,c5atj3-pqq-la_model,c5atj3-pqq-la_model__envelope_531a4a67d5ba9360,La,envelope_origin,-405443.59339367296,La-supported,correct
triple_023,c5atj3-pqq-la_model,c5atj3-pqq-la_model__envelope_531a4a67d5ba9360,La,released_static,-405440.06205581996,La-supported,correct
triple_023,c5atj3-pqq-la_model,c5atj3-pqq-la_model__envelope_531a4a67d5ba9360,La,tenfold_precision,-405437.7305880537,La-supported,correct
triple_023,c5atj3-pqq-la_model,c5atj3-pqq-la_model__envelope_531a4a67d5ba9360,La,tenfold_strict,-405437.757312537,La-supported,correct
triple_023,c5atj3-pqq-la_model,c5atj3-pqq-la_model__envelope_531a4a67d5ba9360,La,threefold3p5,-405437.7305880537,La-supported,correct
triple_024,c5axv8-pqq-la_model,c5axv8-pqq-la_model__envelope_aa36ec84c4cbdc62,La,envelope_mathematical,-405449.3636766567,La-supported,correct
triple_024,c5axv8-pqq-la_model,c5axv8-pqq-la_model__envelope_aa36ec84c4cbdc62,La,envelope_operational,-405449.3636766567,La-supported,correct
triple_024,c5axv8-pqq-la_model,c5axv8-pqq-la_model__envelope_aa36ec84c4cbdc62,La,envelope_origin,-405451.8698602955,La-supported,correct
triple_024,c5axv8-pqq-la_model,c5axv8-pqq-la_model__envelope_aa36ec84c4cbdc62,La,released_static,-405457.50423368585,La-supported,correct
triple_024,c5axv8-pqq-la_model,c5axv8-pqq-la_model__envelope_aa36ec84c4cbdc62,La,tenfold_precision,-405452.23390774336,La-supported,correct
triple_024,c5axv8-pqq-la_model,c5axv8-pqq-la_model__envelope_aa36ec84c4cbdc62,La,tenfold_strict,-405452.23629611597,La-supported,correct
triple_024,c5axv8-pqq-la_model,c5axv8-pqq-la_model__envelope_aa36ec84c4cbdc62,La,threefold3p5,-405452.23390774336,La-supported,correct
triple_025,c5axv8-pqq-la_model,c5axv8-pqq-la_model__envelope_aa36ec84c4cbdc62,La,envelope_mathematical,-405444.86393897526,La-supported,correct
triple_025,c5axv8-pqq-la_model,c5axv8-pqq-la_model__envelope_aa36ec84c4cbdc62,La,envelope_operational,-405444.86393897526,La-supported,correct
triple_025,c5axv8-pqq-la_model,c5axv8-pqq-la_model__envelope_aa36ec84c4cbdc62,La,envelope_origin,-405447.47565564734,La-supported,correct
triple_025,c5axv8-pqq-la_model,c5axv8-pqq-la_model__envelope_aa36ec84c4cbdc62,La,released_static,-405453.6711550984,La-supported,correct
triple_025,c5axv8-pqq-la_model,c5axv8-pqq-la_model__envelope_aa36ec84c4cbdc62,La,tenfold_precision,-405445.1069581029,La-supported,correct
triple_025,c5axv8-pqq-la_model,c5axv8-pqq-la_model__envelope_aa36ec84c4cbdc62,La,tenfold_strict,-405445.1072399564,La-supported,correct
triple_025,c5axv8-pqq-la_model,c5axv8-pqq-la_model__envelope_aa36ec84c4cbdc62,La,threefold3p5,-405445.1069581029,La-supported,correct
triple_026,c5axv8-pqq-la_model,c5axv8-pqq-la_model__envelope_aa36ec84c4cbdc62,La,envelope_mathematical,-405449.3636766567,La-supported,correct
triple_026,c5axv8-pqq-la_model,c5axv8-pqq-la_model__envelope_aa36ec84c4cbdc62,La,envelope_operational,-405449.3636766567,La-supported,correct
triple_026,c5axv8-pqq-la_model,c5axv8-pqq-la_model__envelope_aa36ec84c4cbdc62,La,envelope_origin,-405451.8698602955,La-supported,correct
triple_026,c5axv8-pqq-la_model,c5axv8-pqq-la_model__envelope_aa36ec84c4cbdc62,La,released_static,-405453.6711550984,La-supported,correct
triple_026,c5axv8-pqq-la_model,c5axv8-pqq-la_model__envelope_aa36ec84c4cbdc62,La,tenfold_precision,-405452.23390774336,La-supported,correct
triple_026,c5axv8-pqq-la_model,c5axv8-pqq-la_model__envelope_aa36ec84c4cbdc62,La,tenfold_strict,-405452.23629611597,La-supported,correct
triple_026,c5axv8-pqq-la_model,c5axv8-pqq-la_model__envelope_aa36ec84c4cbdc62,La,threefold3p5,-405452.23390774336,La-supported,correct
triple_027,c5axv8-pqq-la_model,c5axv8-pqq-la_model__envelope_aa36ec84c4cbdc62,La,envelope_mathematical,-405444.86393897526,La-supported,correct
triple_027,c5axv8-pqq-la_model,c5axv8-pqq-la_model__envelope_aa36ec84c4cbdc62,La,envelope_operational,-405444.86393897526,La-supported,correct
triple_027,c5axv8-pqq-la_model,c5axv8-pqq-la_model__envelope_aa36ec84c4cbdc62,La,envelope_origin,-405447.47565564734,La-supported,correct
triple_027,c5axv8-pqq-la_model,c5axv8-pqq-la_model__envelope_aa36ec84c4cbdc62,La,released_static,-405457.50423368585,La-supported,correct
triple_027,c5axv8-pqq-la_model,c5axv8-pqq-la_model__envelope_aa36ec84c4cbdc62,La,tenfold_precision,-405445.1069581029,La-supported,correct
triple_027,c5axv8-pqq-la_model,c5axv8-pqq-la_model__envelope_aa36ec84c4cbdc62,La,tenfold_strict,-405445.1072399564,La-supported,correct
triple_027,c5axv8-pqq-la_model,c5axv8-pqq-la_model__envelope_aa36ec84c4cbdc62,La,threefold3p5,-405445.1069581029,La-supported,correct
triple_028,c5b120-pqq-la_model,c5b120-pqq-la_model__envelope_9a8c10eba2ec7e13,La,envelope_mathematical,-405445.83703273936,La-supported,correct
triple_028,c5b120-pqq-la_model,c5b120-pqq-la_model__envelope_9a8c10eba2ec7e13,La,envelope_operational,-405445.83703273936,La-supported,correct
triple_028,c5b120-pqq-la_model,c5b120-pqq-la_model__envelope_9a8c10eba2ec7e13,La,envelope_origin,-405448.75116197846,La-supported,correct
triple_028,c5b120-pqq-la_model,c5b120-pqq-la_model__envelope_9a8c10eba2ec7e13,La,released_static,-405445.3993688091,La-supported,correct
triple_028,c5b120-pqq-la_model,c5b120-pqq-la_model__envelope_9a8c10eba2ec7e13,La,tenfold_precision,-405441.87836706295,La-supported,correct
triple_028,c5b120-pqq-la_model,c5b120-pqq-la_model__envelope_9a8c10eba2ec7e13,La,tenfold_strict,-405441.89438462566,La-supported,correct
triple_028,c5b120-pqq-la_model,c5b120-pqq-la_model__envelope_9a8c10eba2ec7e13,La,threefold3p5,-405441.87836706295,La-supported,correct
triple_029,c5b120-pqq-la_model,c5b120-pqq-la_model__envelope_9a8c10eba2ec7e13,La,envelope_mathematical,-405444.470112471,La-supported,correct
triple_029,c5b120-pqq-la_model,c5b120-pqq-la_model__envelope_9a8c10eba2ec7e13,La,envelope_operational,-405444.470112471,La-supported,correct
triple_029,c5b120-pqq-la_model,c5b120-pqq-la_model__envelope_9a8c10eba2ec7e13,La,envelope_origin,-405445.2637130717,La-supported,correct
triple_029,c5b120-pqq-la_model,c5b120-pqq-la_model__envelope_9a8c10eba2ec7e13,La,released_static,-405441.18170415063,La-supported,correct
triple_029,c5b120-pqq-la_model,c5b120-pqq-la_model__envelope_9a8c10eba2ec7e13,La,tenfold_precision,-405441.721932989,La-supported,correct
triple_029,c5b120-pqq-la_model,c5b120-pqq-la_model__envelope_9a8c10eba2ec7e13,La,tenfold_strict,-405441.7237451724,La-supported,correct
triple_029,c5b120-pqq-la_model,c5b120-pqq-la_model__envelope_9a8c10eba2ec7e13,La,threefold3p5,-405441.721932989,La-supported,correct
triple_030,c5b120-pqq-la_model,c5b120-pqq-la_model__envelope_9a8c10eba2ec7e13,La,envelope_mathematical,-405445.83703273936,La-supported,correct
triple_030,c5b120-pqq-la_model,c5b120-pqq-la_model__envelope_9a8c10eba2ec7e13,La,envelope_operational,-405445.83703273936,La-supported,correct
triple_030,c5b120-pqq-la_model,c5b120-pqq-la_model__envelope_9a8c10eba2ec7e13,La,envelope_origin,-405448.75116197846,La-supported,correct
triple_030,c5b120-pqq-la_model,c5b120-pqq-la_model__envelope_9a8c10eba2ec7e13,La,released_static,-405445.3993688091,La-supported,correct
triple_030,c5b120-pqq-la_model,c5b120-pqq-la_model__envelope_9a8c10eba2ec7e13,La,tenfold_precision,-405441.87836706295,La-supported,correct
triple_030,c5b120-pqq-la_model,c5b120-pqq-la_model__envelope_9a8c10eba2ec7e13,La,tenfold_strict,-405441.89438462566,La-supported,correct
triple_030,c5b120-pqq-la_model,c5b120-pqq-la_model__envelope_9a8c10eba2ec7e13,La,threefold3p5,-405441.87836706295,La-supported,correct
triple_031,c5b120-pqq-la_model,c5b120-pqq-la_model__envelope_9a8c10eba2ec7e13,La,envelope_mathematical,-405444.470112471,La-supported,correct
triple_031,c5b120-pqq-la_model,c5b120-pqq-la_model__envelope_9a8c10eba2ec7e13,La,envelope_operational,-405444.470112471,La-supported,correct
triple_031,c5b120-pqq-la_model,c5b120-pqq-la_model__envelope_9a8c10eba2ec7e13,La,envelope_origin,-405445.2637130717,La-supported,correct
triple_031,c5b120-pqq-la_model,c5b120-pqq-la_model__envelope_9a8c10eba2ec7e13,La,released_static,-405441.18170415063,La-supported,correct
triple_031,c5b120-pqq-la_model,c5b120-pqq-la_model__envelope_9a8c10eba2ec7e13,La,tenfold_precision,-405441.721932989,La-supported,correct
triple_031,c5b120-pqq-la_model,c5b120-pqq-la_model__envelope_9a8c10eba2ec7e13,La,tenfold_strict,-405441.7237451724,La-supported,correct
triple_031,c5b120-pqq-la_model,c5b120-pqq-la_model__envelope_9a8c10eba2ec7e13,La,threefold3p5,-405441.721932989,La-supported,correct
triple_032,i0jwn7-pqq-la_model,i0jwn7-pqq-la_model__envelope_8a96291197228b6f,La,envelope_mathematical,-405445.30297997344,La-supported,correct
triple_032,i0jwn7-pqq-la_model,i0jwn7-pqq-la_model__envelope_8a96291197228b6f,La,envelope_operational,-405445.30297997344,La-supported,correct
triple_032,i0jwn7-pqq-la_model,i0jwn7-pqq-la_model__envelope_8a96291197228b6f,La,envelope_origin,-405444.387465473,La-supported,correct
triple_032,i0jwn7-pqq-la_model,i0jwn7-pqq-la_model__envelope_8a96291197228b6f,La,released_static,-405441.59978374036,La-supported,correct
triple_032,i0jwn7-pqq-la_model,i0jwn7-pqq-la_model__envelope_8a96291197228b6f,La,tenfold_precision,-405443.6386130237,La-supported,correct
triple_032,i0jwn7-pqq-la_model,i0jwn7-pqq-la_model__envelope_8a96291197228b6f,La,tenfold_strict,-405443.6383575457,La-supported,correct
triple_032,i0jwn7-pqq-la_model,i0jwn7-pqq-la_model__envelope_8a96291197228b6f,La,threefold3p5,-405442.08467899804,La-supported,correct
triple_033,i0jwn7-pqq-la_model,i0jwn7-pqq-la_model__envelope_8a96291197228b6f,La,envelope_mathematical,-405445.30297997344,La-supported,correct
triple_033,i0jwn7-pqq-la_model,i0jwn7-pqq-la_model__envelope_8a96291197228b6f,La,envelope_operational,-405445.30297997344,La-supported,correct
triple_033,i0jwn7-pqq-la_model,i0jwn7-pqq-la_model__envelope_8a96291197228b6f,La,envelope_origin,-405444.387465473,La-supported,correct
triple_033,i0jwn7-pqq-la_model,i0jwn7-pqq-la_model__envelope_8a96291197228b6f,La,released_static,-405441.59978374036,La-supported,correct
triple_033,i0jwn7-pqq-la_model,i0jwn7-pqq-la_model__envelope_8a96291197228b6f,La,tenfold_precision,-405441.7321152647,La-supported,correct
triple_033,i0jwn7-pqq-la_model,i0jwn7-pqq-la_model__envelope_8a96291197228b6f,La,tenfold_strict,-405441.7285691534,La-supported,correct
triple_033,i0jwn7-pqq-la_model,i0jwn7-pqq-la_model__envelope_8a96291197228b6f,La,threefold3p5,-405442.08467899804,La-supported,correct
triple_034,i0jwn7-pqq-la_model,i0jwn7-pqq-la_model__envelope_8a96291197228b6f,La,envelope_mathematical,-405444.2234268725,La-supported,correct
triple_034,i0jwn7-pqq-la_model,i0jwn7-pqq-la_model__envelope_8a96291197228b6f,La,envelope_operational,-405444.2234268725,La-supported,correct
triple_034,i0jwn7-pqq-la_model,i0jwn7-pqq-la_model__envelope_8a96291197228b6f,La,envelope_origin,-405442.72114566347,La-supported,correct
triple_034,i0jwn7-pqq-la_model,i0jwn7-pqq-la_model__envelope_8a96291197228b6f,La,released_static,-405439.51172363845,La-supported,correct
triple_034,i0jwn7-pqq-la_model,i0jwn7-pqq-la_model__envelope_8a96291197228b6f,La,tenfold_precision,-405443.6386130237,La-supported,correct
triple_034,i0jwn7-pqq-la_model,i0jwn7-pqq-la_model__envelope_8a96291197228b6f,La,tenfold_strict,-405443.6383575457,La-supported,correct
triple_034,i0jwn7-pqq-la_model,i0jwn7-pqq-la_model__envelope_8a96291197228b6f,La,threefold3p5,-405440.3240261863,La-supported,correct
triple_035,i0jwn7-pqq-la_model,i0jwn7-pqq-la_model__envelope_8a96291197228b6f,La,envelope_mathematical,-405444.2234268725,La-supported,correct
triple_035,i0jwn7-pqq-la_model,i0jwn7-pqq-la_model__envelope_8a96291197228b6f,La,envelope_operational,-405444.2234268725,La-supported,correct
triple_035,i0jwn7-pqq-la_model,i0jwn7-pqq-la_model__envelope_8a96291197228b6f,La,envelope_origin,-405442.72114566347,La-supported,correct
triple_035,i0jwn7-pqq-la_model,i0jwn7-pqq-la_model__envelope_8a96291197228b6f,La,released_static,-405439.51172363845,La-supported,correct
triple_035,i0jwn7-pqq-la_model,i0jwn7-pqq-la_model__envelope_8a96291197228b6f,La,tenfold_precision,-405441.7321152647,La-supported,correct
triple_035,i0jwn7-pqq-la_model,i0jwn7-pqq-la_model__envelope_8a96291197228b6f,La,tenfold_strict,-405441.7285691534,La-supported,correct
triple_035,i0jwn7-pqq-la_model,i0jwn7-pqq-la_model__envelope_8a96291197228b6f,La,threefold3p5,-405440.3240261863,La-supported,correct
triple_036,mmol_1770-pqq-la_model,mmol_1770-pqq-la_model__envelope_5063ec4e8b07a456,La,envelope_mathematical,-405441.59724507615,La-supported,correct
triple_036,mmol_1770-pqq-la_model,mmol_1770-pqq-la_model__envelope_5063ec4e8b07a456,La,envelope_operational,-405441.59724507615,La-supported,correct
triple_036,mmol_1770-pqq-la_model,mmol_1770-pqq-la_model__envelope_5063ec4e8b07a456,La,envelope_origin,-405443.08423018205,La-supported,correct
triple_036,mmol_1770-pqq-la_model,mmol_1770-pqq-la_model__envelope_5063ec4e8b07a456,La,released_static,-405439.8522292391,La-supported,correct
triple_036,mmol_1770-pqq-la_model,mmol_1770-pqq-la_model__envelope_5063ec4e8b07a456,La,tenfold_precision,-405439.4369028724,La-supported,correct
triple_036,mmol_1770-pqq-la_model,mmol_1770-pqq-la_model__envelope_5063ec4e8b07a456,La,tenfold_strict,-405439.4364846185,La-supported,correct
triple_036,mmol_1770-pqq-la_model,mmol_1770-pqq-la_model__envelope_5063ec4e8b07a456,La,threefold3p5,-405439.4369028724,La-supported,correct
triple_037,mmol_1770-pqq-la_model,,La,envelope_mathematical,,unavailable,unavailable
triple_037,mmol_1770-pqq-la_model,,La,envelope_operational,,unavailable,unavailable
triple_037,mmol_1770-pqq-la_model,,La,envelope_origin,,unavailable,unavailable
triple_037,mmol_1770-pqq-la_model,,La,released_static,,unavailable,unavailable
triple_037,mmol_1770-pqq-la_model,,La,tenfold_precision,,unavailable,unavailable
triple_037,mmol_1770-pqq-la_model,,La,tenfold_strict,,unavailable,unavailable
triple_037,mmol_1770-pqq-la_model,,La,threefold3p5,,unavailable,unavailable
triple_038,mmol_1770-pqq-la_model,,La,envelope_mathematical,,unavailable,unavailable
triple_038,mmol_1770-pqq-la_model,,La,envelope_operational,,unavailable,unavailable
triple_038,mmol_1770-pqq-la_model,,La,envelope_origin,,unavailable,unavailable
triple_038,mmol_1770-pqq-la_model,,La,released_static,,unavailable,unavailable
triple_038,mmol_1770-pqq-la_model,,La,tenfold_precision,,unavailable,unavailable
triple_038,mmol_1770-pqq-la_model,,La,tenfold_strict,,unavailable,unavailable
triple_038,mmol_1770-pqq-la_model,,La,threefold3p5,,unavailable,unavailable
triple_039,mmol_1770-pqq-la_model,,La,envelope_mathematical,,unavailable,unavailable
triple_039,mmol_1770-pqq-la_model,,La,envelope_operational,,unavailable,unavailable
triple_039,mmol_1770-pqq-la_model,,La,envelope_origin,,unavailable,unavailable
triple_039,mmol_1770-pqq-la_model,,La,released_static,,unavailable,unavailable
triple_039,mmol_1770-pqq-la_model,,La,tenfold_precision,,unavailable,unavailable
triple_039,mmol_1770-pqq-la_model,,La,tenfold_strict,,unavailable,unavailable
triple_039,mmol_1770-pqq-la_model,,La,threefold3p5,,unavailable,unavailable
triple_040,mmol_2048-pqq-la_model,mmol_2048-pqq-la_model__envelope_b2b70954adaf23d6,La,envelope_mathematical,-405439.24878606916,La-supported,correct
triple_040,mmol_2048-pqq-la_model,mmol_2048-pqq-la_model__envelope_b2b70954adaf23d6,La,envelope_operational,-405439.24878606916,La-supported,correct
triple_040,mmol_2048-pqq-la_model,mmol_2048-pqq-la_model__envelope_b2b70954adaf23d6,La,envelope_origin,-405442.7120179116,La-supported,correct
triple_040,mmol_2048-pqq-la_model,mmol_2048-pqq-la_model__envelope_b2b70954adaf23d6,La,released_static,-405449.13780646055,La-supported,correct
triple_040,mmol_2048-pqq-la_model,mmol_2048-pqq-la_model__envelope_b2b70954adaf23d6,La,tenfold_precision,-405435.9366359115,La-supported,correct
triple_040,mmol_2048-pqq-la_model,mmol_2048-pqq-la_model__envelope_b2b70954adaf23d6,La,tenfold_strict,-405435.93704209157,La-supported,correct
triple_040,mmol_2048-pqq-la_model,mmol_2048-pqq-la_model__envelope_b2b70954adaf23d6,La,threefold3p5,-405446.9696250431,La-supported,correct
triple_041,mmol_2048-pqq-la_model,mmol_2048-pqq-la_model__envelope_b2b70954adaf23d6,La,envelope_mathematical,-405437.7256154468,La-supported,correct
triple_041,mmol_2048-pqq-la_model,mmol_2048-pqq-la_model__envelope_b2b70954adaf23d6,La,envelope_operational,-405437.7256154468,La-supported,correct
triple_041,mmol_2048-pqq-la_model,mmol_2048-pqq-la_model__envelope_b2b70954adaf23d6,La,envelope_origin,-405442.29623527074,La-supported,correct
triple_041,mmol_2048-pqq-la_model,mmol_2048-pqq-la_model__envelope_b2b70954adaf23d6,La,released_static,-405449.13780646055,La-supported,correct
triple_041,mmol_2048-pqq-la_model,mmol_2048-pqq-la_model__envelope_b2b70954adaf23d6,La,tenfold_precision,-405434.7710092808,La-supported,correct
triple_041,mmol_2048-pqq-la_model,mmol_2048-pqq-la_model__envelope_b2b70954adaf23d6,La,tenfold_strict,-405434.77084686066,La-supported,correct
triple_041,mmol_2048-pqq-la_model,mmol_2048-pqq-la_model__envelope_b2b70954adaf23d6,La,threefold3p5,-405446.9696250431,La-supported,correct
triple_042,mmol_2048-pqq-la_model,mmol_2048-pqq-la_model__envelope_b2b70954adaf23d6,La,envelope_mathematical,-405439.24878606916,La-supported,correct
triple_042,mmol_2048-pqq-la_model,mmol_2048-pqq-la_model__envelope_b2b70954adaf23d6,La,envelope_operational,-405439.24878606916,La-supported,correct
triple_042,mmol_2048-pqq-la_model,mmol_2048-pqq-la_model__envelope_b2b70954adaf23d6,La,envelope_origin,-405442.7120179116,La-supported,correct
triple_042,mmol_2048-pqq-la_model,mmol_2048-pqq-la_model__envelope_b2b70954adaf23d6,La,released_static,-405438.33706382365,La-supported,correct
triple_042,mmol_2048-pqq-la_model,mmol_2048-pqq-la_model__envelope_b2b70954adaf23d6,La,tenfold_precision,-405435.9366359115,La-supported,correct
triple_042,mmol_2048-pqq-la_model,mmol_2048-pqq-la_model__envelope_b2b70954adaf23d6,La,tenfold_strict,-405435.93704209157,La-supported,correct
triple_042,mmol_2048-pqq-la_model,mmol_2048-pqq-la_model__envelope_b2b70954adaf23d6,La,threefold3p5,-405434.94839615276,La-supported,correct
triple_043,mmol_2048-pqq-la_model,mmol_2048-pqq-la_model__envelope_b2b70954adaf23d6,La,envelope_mathematical,-405437.7256154468,La-supported,correct
triple_043,mmol_2048-pqq-la_model,mmol_2048-pqq-la_model__envelope_b2b70954adaf23d6,La,envelope_operational,-405437.7256154468,La-supported,correct
triple_043,mmol_2048-pqq-la_model,mmol_2048-pqq-la_model__envelope_b2b70954adaf23d6,La,envelope_origin,-405442.29623527074,La-supported,correct
triple_043,mmol_2048-pqq-la_model,mmol_2048-pqq-la_model__envelope_b2b70954adaf23d6,La,released_static,-405438.33706382365,La-supported,correct
triple_043,mmol_2048-pqq-la_model,mmol_2048-pqq-la_model__envelope_b2b70954adaf23d6,La,tenfold_precision,-405434.7710092808,La-supported,correct
triple_043,mmol_2048-pqq-la_model,mmol_2048-pqq-la_model__envelope_b2b70954adaf23d6,La,tenfold_strict,-405434.77084686066,La-supported,correct
triple_043,mmol_2048-pqq-la_model,mmol_2048-pqq-la_model__envelope_b2b70954adaf23d6,La,threefold3p5,-405434.94839615276,La-supported,correct
triple_044,o24759-pqq-la_model,o24759-pqq-la_model__envelope_e4efa4342e5fcf03,Ca,envelope_mathematical,-405483.95945163467,Ca-supported,correct
triple_044,o24759-pqq-la_model,o24759-pqq-la_model__envelope_e4efa4342e5fcf03,Ca,envelope_operational,-405483.95945163467,Ca-supported,correct
triple_044,o24759-pqq-la_model,o24759-pqq-la_model__envelope_e4efa4342e5fcf03,Ca,envelope_origin,-405492.1206683089,Ca-supported,correct
triple_044,o24759-pqq-la_model,o24759-pqq-la_model__envelope_e4efa4342e5fcf03,Ca,released_static,-405493.2344845789,Ca-supported,correct
triple_044,o24759-pqq-la_model,o24759-pqq-la_model__envelope_e4efa4342e5fcf03,Ca,tenfold_precision,-405485.8347457233,Ca-supported,correct
triple_044,o24759-pqq-la_model,o24759-pqq-la_model__envelope_e4efa4342e5fcf03,Ca,tenfold_strict,-405485.8206513604,Ca-supported,correct
triple_044,o24759-pqq-la_model,o24759-pqq-la_model__envelope_e4efa4342e5fcf03,Ca,threefold3p5,-405485.8347457233,Ca-supported,correct
triple_045,o24759-pqq-la_model,o24759-pqq-la_model__envelope_e4efa4342e5fcf03,Ca,envelope_mathematical,-405483.95945163467,Ca-supported,correct
triple_045,o24759-pqq-la_model,o24759-pqq-la_model__envelope_e4efa4342e5fcf03,Ca,envelope_operational,-405483.95945163467,Ca-supported,correct
triple_045,o24759-pqq-la_model,o24759-pqq-la_model__envelope_e4efa4342e5fcf03,Ca,envelope_origin,-405492.1206683089,Ca-supported,correct
triple_045,o24759-pqq-la_model,o24759-pqq-la_model__envelope_e4efa4342e5fcf03,Ca,released_static,-405493.2344845789,Ca-supported,correct
triple_045,o24759-pqq-la_model,o24759-pqq-la_model__envelope_e4efa4342e5fcf03,Ca,tenfold_precision,-405485.8347457233,Ca-supported,correct
triple_045,o24759-pqq-la_model,o24759-pqq-la_model__envelope_e4efa4342e5fcf03,Ca,tenfold_strict,-405485.8206513604,Ca-supported,correct
triple_045,o24759-pqq-la_model,o24759-pqq-la_model__envelope_e4efa4342e5fcf03,Ca,threefold3p5,-405485.8347457233,Ca-supported,correct
triple_046,o24759-pqq-la_model,o24759-pqq-la_model__envelope_e4efa4342e5fcf03,Ca,envelope_mathematical,-405478.4063949303,Ca-supported,correct
triple_046,o24759-pqq-la_model,o24759-pqq-la_model__envelope_e4efa4342e5fcf03,Ca,envelope_operational,-405478.4063949303,Ca-supported,correct
triple_046,o24759-pqq-la_model,o24759-pqq-la_model__envelope_e4efa4342e5fcf03,Ca,envelope_origin,-405487.95644706185,Ca-supported,correct
triple_046,o24759-pqq-la_model,o24759-pqq-la_model__envelope_e4efa4342e5fcf03,Ca,released_static,-405490.068554902,Ca-supported,correct
triple_046,o24759-pqq-la_model,o24759-pqq-la_model__envelope_e4efa4342e5fcf03,Ca,tenfold_precision,-405480.2392241513,Ca-supported,correct
triple_046,o24759-pqq-la_model,o24759-pqq-la_model__envelope_e4efa4342e5fcf03,Ca,tenfold_strict,-405480.24050337577,Ca-supported,correct
triple_046,o24759-pqq-la_model,o24759-pqq-la_model__envelope_e4efa4342e5fcf03,Ca,threefold3p5,-405480.2392241513,Ca-supported,correct
triple_047,o24759-pqq-la_model,o24759-pqq-la_model__envelope_e4efa4342e5fcf03,Ca,envelope_mathematical,-405478.4063949303,Ca-supported,correct
triple_047,o24759-pqq-la_model,o24759-pqq-la_model__envelope_e4efa4342e5fcf03,Ca,envelope_operational,-405478.4063949303,Ca-supported,correct
triple_047,o24759-pqq-la_model,o24759-pqq-la_model__envelope_e4efa4342e5fcf03,Ca,envelope_origin,-405487.95644706185,Ca-supported,correct
triple_047,o24759-pqq-la_model,o24759-pqq-la_model__envelope_e4efa4342e5fcf03,Ca,released_static,-405490.068554902,Ca-supported,correct
triple_047,o24759-pqq-la_model,o24759-pqq-la_model__envelope_e4efa4342e5fcf03,Ca,tenfold_precision,-405480.2392241513,Ca-supported,correct
triple_047,o24759-pqq-la_model,o24759-pqq-la_model__envelope_e4efa4342e5fcf03,Ca,tenfold_strict,-405480.24050337577,Ca-supported,correct
triple_047,o24759-pqq-la_model,o24759-pqq-la_model__envelope_e4efa4342e5fcf03,Ca,threefold3p5,-405480.2392241513,Ca-supported,correct
triple_048,p12293-pqq-la_model,p12293-pqq-la_model__envelope_e88ef960dad9c35e,Ca,envelope_mathematical,-405483.64561676566,Ca-supported,correct
triple_048,p12293-pqq-la_model,p12293-pqq-la_model__envelope_e88ef960dad9c35e,Ca,envelope_operational,-405483.64561676566,Ca-supported,correct
triple_048,p12293-pqq-la_model,p12293-pqq-la_model__envelope_e88ef960dad9c35e,Ca,envelope_origin,-405491.873574577,Ca-supported,correct
triple_048,p12293-pqq-la_model,p12293-pqq-la_model__envelope_e88ef960dad9c35e,Ca,released_static,-405492.28069260286,Ca-supported,correct
triple_048,p12293-pqq-la_model,p12293-pqq-la_model__envelope_e88ef960dad9c35e,Ca,tenfold_precision,-405482.8406819871,Ca-supported,correct
triple_048,p12293-pqq-la_model,p12293-pqq-la_model__envelope_e88ef960dad9c35e,Ca,tenfold_strict,-405482.83972519514,Ca-supported,correct
triple_048,p12293-pqq-la_model,p12293-pqq-la_model__envelope_e88ef960dad9c35e,Ca,threefold3p5,-405482.8406819871,Ca-supported,correct
triple_049,p12293-pqq-la_model,p12293-pqq-la_model__envelope_b5baf1616b3b63a4,Ca,envelope_mathematical,-405480.9768066642,Ca-supported,correct
triple_049,p12293-pqq-la_model,p12293-pqq-la_model__envelope_b5baf1616b3b63a4,Ca,envelope_operational,-405480.9768066642,Ca-supported,correct
triple_049,p12293-pqq-la_model,p12293-pqq-la_model__envelope_b5baf1616b3b63a4,Ca,envelope_origin,-405490.32144178625,Ca-supported,correct
triple_049,p12293-pqq-la_model,p12293-pqq-la_model__envelope_b5baf1616b3b63a4,Ca,released_static,-405492.28069260286,Ca-supported,correct
triple_049,p12293-pqq-la_model,p12293-pqq-la_model__envelope_b5baf1616b3b63a4,Ca,tenfold_precision,-405482.8406819871,Ca-supported,correct
triple_049,p12293-pqq-la_model,p12293-pqq-la_model__envelope_b5baf1616b3b63a4,Ca,tenfold_strict,-405482.83972519514,Ca-supported,correct
triple_049,p12293-pqq-la_model,p12293-pqq-la_model__envelope_b5baf1616b3b63a4,Ca,threefold3p5,-405481.64901576604,Ca-supported,correct
triple_050,p12293-pqq-la_model,p12293-pqq-la_model__envelope_e88ef960dad9c35e,Ca,envelope_mathematical,-405484.6677729792,Ca-supported,correct
triple_050,p12293-pqq-la_model,p12293-pqq-la_model__envelope_e88ef960dad9c35e,Ca,envelope_operational,-405484.6677729792,Ca-supported,correct
triple_050,p12293-pqq-la_model,p12293-pqq-la_model__envelope_e88ef960dad9c35e,Ca,envelope_origin,-405493.0400887498,Ca-supported,correct
triple_050,p12293-pqq-la_model,p12293-pqq-la_model__envelope_e88ef960dad9c35e,Ca,released_static,-405492.8312325689,Ca-supported,correct
triple_050,p12293-pqq-la_model,p12293-pqq-la_model__envelope_e88ef960dad9c35e,Ca,tenfold_precision,-405483.0846057281,Ca-supported,correct
triple_050,p12293-pqq-la_model,p12293-pqq-la_model__envelope_e88ef960dad9c35e,Ca,tenfold_strict,-405483.1157164567,Ca-supported,correct
triple_050,p12293-pqq-la_model,p12293-pqq-la_model__envelope_e88ef960dad9c35e,Ca,threefold3p5,-405483.0846057281,Ca-supported,correct
triple_051,p12293-pqq-la_model,p12293-pqq-la_model__envelope_e88ef960dad9c35e,Ca,envelope_mathematical,-405484.6677729792,Ca-supported,correct
triple_051,p12293-pqq-la_model,p12293-pqq-la_model__envelope_e88ef960dad9c35e,Ca,envelope_operational,-405484.6677729792,Ca-supported,correct
triple_051,p12293-pqq-la_model,p12293-pqq-la_model__envelope_e88ef960dad9c35e,Ca,envelope_origin,-405493.0400887498,Ca-supported,correct
triple_051,p12293-pqq-la_model,p12293-pqq-la_model__envelope_e88ef960dad9c35e,Ca,released_static,-405492.8312325689,Ca-supported,correct
triple_051,p12293-pqq-la_model,p12293-pqq-la_model__envelope_e88ef960dad9c35e,Ca,tenfold_precision,-405483.0846057281,Ca-supported,correct
triple_051,p12293-pqq-la_model,p12293-pqq-la_model__envelope_e88ef960dad9c35e,Ca,tenfold_strict,-405483.1157164567,Ca-supported,correct
triple_051,p12293-pqq-la_model,p12293-pqq-la_model__envelope_e88ef960dad9c35e,Ca,threefold3p5,-405483.0846057281,Ca-supported,correct
triple_052,p15279-pqq-la_model,p15279-pqq-la_model__envelope_1de9a1c85821aa97,Ca,envelope_mathematical,-405478.59794646833,Ca-supported,correct
triple_052,p15279-pqq-la_model,p15279-pqq-la_model__envelope_1de9a1c85821aa97,Ca,envelope_operational,-405478.59794646833,Ca-supported,correct
triple_052,p15279-pqq-la_model,p15279-pqq-la_model__envelope_1de9a1c85821aa97,Ca,envelope_origin,-405486.36881047033,Ca-supported,correct
triple_052,p15279-pqq-la_model,p15279-pqq-la_model__envelope_1de9a1c85821aa97,Ca,released_static,-405494.4154168153,Ca-supported,correct
triple_052,p15279-pqq-la_model,p15279-pqq-la_model__envelope_1de9a1c85821aa97,Ca,tenfold_precision,-405486.7510556654,Ca-supported,correct
triple_052,p15279-pqq-la_model,p15279-pqq-la_model__envelope_1de9a1c85821aa97,Ca,tenfold_strict,-405486.7563408451,Ca-supported,correct
triple_052,p15279-pqq-la_model,p15279-pqq-la_model__envelope_1de9a1c85821aa97,Ca,threefold3p5,-405486.7510556654,Ca-supported,correct
triple_053,p15279-pqq-la_model,p15279-pqq-la_model__envelope_1de9a1c85821aa97,Ca,envelope_mathematical,-405478.59794646833,Ca-supported,correct
triple_053,p15279-pqq-la_model,p15279-pqq-la_model__envelope_1de9a1c85821aa97,Ca,envelope_operational,-405478.59794646833,Ca-supported,correct
triple_053,p15279-pqq-la_model,p15279-pqq-la_model__envelope_1de9a1c85821aa97,Ca,envelope_origin,-405487.592176295,Ca-supported,correct
triple_053,p15279-pqq-la_model,p15279-pqq-la_model__envelope_1de9a1c85821aa97,Ca,released_static,-405494.4154168153,Ca-supported,correct
triple_053,p15279-pqq-la_model,p15279-pqq-la_model__envelope_1de9a1c85821aa97,Ca,tenfold_precision,-405486.7510556654,Ca-supported,correct
triple_053,p15279-pqq-la_model,p15279-pqq-la_model__envelope_1de9a1c85821aa97,Ca,tenfold_strict,-405486.7563408451,Ca-supported,correct
triple_053,p15279-pqq-la_model,p15279-pqq-la_model__envelope_1de9a1c85821aa97,Ca,threefold3p5,-405486.7510556654,Ca-supported,correct
triple_054,p15279-pqq-la_model,p15279-pqq-la_model__envelope_1de9a1c85821aa97,Ca,envelope_mathematical,-405478.0154134574,Ca-supported,correct
triple_054,p15279-pqq-la_model,p15279-pqq-la_model__envelope_1de9a1c85821aa97,Ca,envelope_operational,-405478.0154134574,Ca-supported,correct
triple_054,p15279-pqq-la_model,p15279-pqq-la_model__envelope_1de9a1c85821aa97,Ca,envelope_origin,-405486.36881047033,Ca-supported,correct
triple_054,p15279-pqq-la_model,p15279-pqq-la_model__envelope_1de9a1c85821aa97,Ca,released_static,-405494.2910917315,Ca-supported,correct
triple_054,p15279-pqq-la_model,p15279-pqq-la_model__envelope_1de9a1c85821aa97,Ca,tenfold_precision,-405485.8925768993,Ca-supported,correct
triple_054,p15279-pqq-la_model,p15279-pqq-la_model__envelope_1de9a1c85821aa97,Ca,tenfold_strict,-405485.892719605,Ca-supported,correct
triple_054,p15279-pqq-la_model,p15279-pqq-la_model__envelope_1de9a1c85821aa97,Ca,threefold3p5,-405485.8925768993,Ca-supported,correct
triple_055,p15279-pqq-la_model,p15279-pqq-la_model__envelope_1de9a1c85821aa97,Ca,envelope_mathematical,-405478.0154134574,Ca-supported,correct
triple_055,p15279-pqq-la_model,p15279-pqq-la_model__envelope_1de9a1c85821aa97,Ca,envelope_operational,-405478.0154134574,Ca-supported,correct
triple_055,p15279-pqq-la_model,p15279-pqq-la_model__envelope_1de9a1c85821aa97,Ca,envelope_origin,-405487.592176295,Ca-supported,correct
triple_055,p15279-pqq-la_model,p15279-pqq-la_model__envelope_1de9a1c85821aa97,Ca,released_static,-405494.2910917315,Ca-supported,correct
triple_055,p15279-pqq-la_model,p15279-pqq-la_model__envelope_1de9a1c85821aa97,Ca,tenfold_precision,-405485.8925768993,Ca-supported,correct
triple_055,p15279-pqq-la_model,p15279-pqq-la_model__envelope_1de9a1c85821aa97,Ca,tenfold_strict,-405485.892719605,Ca-supported,correct
triple_055,p15279-pqq-la_model,p15279-pqq-la_model__envelope_1de9a1c85821aa97,Ca,threefold3p5,-405485.8925768993,Ca-supported,correct
triple_056,p16027-pqq-la_model,p16027-pqq-la_model__envelope_1de9a1c85821aa97,Ca,envelope_mathematical,-405482.7831569548,Ca-supported,correct
triple_056,p16027-pqq-la_model,p16027-pqq-la_model__envelope_1de9a1c85821aa97,Ca,envelope_operational,-405482.7831569548,Ca-supported,correct
triple_056,p16027-pqq-la_model,p16027-pqq-la_model__envelope_1de9a1c85821aa97,Ca,envelope_origin,-405488.66856648086,Ca-supported,correct
triple_056,p16027-pqq-la_model,p16027-pqq-la_model__envelope_1de9a1c85821aa97,Ca,released_static,-405490.63637486036,Ca-supported,correct
triple_056,p16027-pqq-la_model,p16027-pqq-la_model__envelope_1de9a1c85821aa97,Ca,tenfold_precision,-405484.5224600159,Ca-supported,correct
triple_056,p16027-pqq-la_model,p16027-pqq-la_model__envelope_1de9a1c85821aa97,Ca,tenfold_strict,-405484.50046334526,Ca-supported,correct
triple_056,p16027-pqq-la_model,p16027-pqq-la_model__envelope_1de9a1c85821aa97,Ca,threefold3p5,-405484.5224600159,Ca-supported,correct
triple_057,p16027-pqq-la_model,p16027-pqq-la_model__envelope_1de9a1c85821aa97,Ca,envelope_mathematical,-405480.8218017159,Ca-supported,correct
triple_057,p16027-pqq-la_model,p16027-pqq-la_model__envelope_1de9a1c85821aa97,Ca,envelope_operational,-405480.8218017159,Ca-supported,correct
triple_057,p16027-pqq-la_model,p16027-pqq-la_model__envelope_1de9a1c85821aa97,Ca,envelope_origin,-405485.1731149365,Ca-supported,correct
triple_057,p16027-pqq-la_model,p16027-pqq-la_model__envelope_1de9a1c85821aa97,Ca,released_static,-405487.04409844853,Ca-supported,correct
triple_057,p16027-pqq-la_model,p16027-pqq-la_model__envelope_1de9a1c85821aa97,Ca,tenfold_precision,-405482.28018610703,Ca-supported,correct
triple_057,p16027-pqq-la_model,p16027-pqq-la_model__envelope_1de9a1c85821aa97,Ca,tenfold_strict,-405482.27479276416,Ca-supported,correct
triple_057,p16027-pqq-la_model,p16027-pqq-la_model__envelope_1de9a1c85821aa97,Ca,threefold3p5,-405482.28018610703,Ca-supported,correct
triple_058,p16027-pqq-la_model,p16027-pqq-la_model__envelope_1de9a1c85821aa97,Ca,envelope_mathematical,-405480.8218017159,Ca-supported,correct
triple_058,p16027-pqq-la_model,p16027-pqq-la_model__envelope_1de9a1c85821aa97,Ca,envelope_operational,-405480.8218017159,Ca-supported,correct
triple_058,p16027-pqq-la_model,p16027-pqq-la_model__envelope_1de9a1c85821aa97,Ca,envelope_origin,-405485.1731149365,Ca-supported,correct
triple_058,p16027-pqq-la_model,p16027-pqq-la_model__envelope_1de9a1c85821aa97,Ca,released_static,-405487.04409844853,Ca-supported,correct
triple_058,p16027-pqq-la_model,p16027-pqq-la_model__envelope_1de9a1c85821aa97,Ca,tenfold_precision,-405482.28018610703,Ca-supported,correct
triple_058,p16027-pqq-la_model,p16027-pqq-la_model__envelope_1de9a1c85821aa97,Ca,tenfold_strict,-405482.27479276416,Ca-supported,correct
triple_058,p16027-pqq-la_model,p16027-pqq-la_model__envelope_1de9a1c85821aa97,Ca,threefold3p5,-405482.28018610703,Ca-supported,correct
triple_059,p16027-pqq-la_model,p16027-pqq-la_model__envelope_1de9a1c85821aa97,Ca,envelope_mathematical,-405482.7831569548,Ca-supported,correct
triple_059,p16027-pqq-la_model,p16027-pqq-la_model__envelope_1de9a1c85821aa97,Ca,envelope_operational,-405482.7831569548,Ca-supported,correct
triple_059,p16027-pqq-la_model,p16027-pqq-la_model__envelope_1de9a1c85821aa97,Ca,envelope_origin,-405488.66856648086,Ca-supported,correct
triple_059,p16027-pqq-la_model,p16027-pqq-la_model__envelope_1de9a1c85821aa97,Ca,released_static,-405490.63637486036,Ca-supported,correct
triple_059,p16027-pqq-la_model,p16027-pqq-la_model__envelope_1de9a1c85821aa97,Ca,tenfold_precision,-405484.5224600159,Ca-supported,correct
triple_059,p16027-pqq-la_model,p16027-pqq-la_model__envelope_1de9a1c85821aa97,Ca,tenfold_strict,-405484.50046334526,Ca-supported,correct
triple_059,p16027-pqq-la_model,p16027-pqq-la_model__envelope_1de9a1c85821aa97,Ca,threefold3p5,-405484.5224600159,Ca-supported,correct
triple_060,p38539-pqq-la_model,p38539-pqq-la_model__envelope_3c659c8193acdad7,Ca,envelope_mathematical,-405484.14233209484,Ca-supported,correct
triple_060,p38539-pqq-la_model,p38539-pqq-la_model__envelope_3c659c8193acdad7,Ca,envelope_operational,-405484.14233209484,Ca-supported,correct
triple_060,p38539-pqq-la_model,p38539-pqq-la_model__envelope_3c659c8193acdad7,Ca,envelope_origin,-405489.12526634574,Ca-supported,correct
triple_060,p38539-pqq-la_model,p38539-pqq-la_model__envelope_3c659c8193acdad7,Ca,released_static,-405491.5174192283,Ca-supported,correct
triple_060,p38539-pqq-la_model,p38539-pqq-la_model__envelope_3c659c8193acdad7,Ca,tenfold_precision,-405486.2079020295,Ca-supported,correct
triple_060,p38539-pqq-la_model,p38539-pqq-la_model__envelope_3c659c8193acdad7,Ca,tenfold_strict,-405486.2077052363,Ca-supported,correct
triple_060,p38539-pqq-la_model,p38539-pqq-la_model__envelope_3c659c8193acdad7,Ca,threefold3p5,-405485.87936706265,Ca-supported,correct
triple_061,p38539-pqq-la_model,p38539-pqq-la_model__envelope_3c659c8193acdad7,Ca,envelope_mathematical,-405476.9879795102,Ca-supported,correct
triple_061,p38539-pqq-la_model,p38539-pqq-la_model__envelope_3c659c8193acdad7,Ca,envelope_operational,-405476.9879795102,Ca-supported,correct
triple_061,p38539-pqq-la_model,p38539-pqq-la_model__envelope_3c659c8193acdad7,Ca,envelope_origin,-405487.5834277078,Ca-supported,correct
triple_061,p38539-pqq-la_model,p38539-pqq-la_model__envelope_3c659c8193acdad7,Ca,released_static,-405491.5174192283,Ca-supported,correct
triple_061,p38539-pqq-la_model,p38539-pqq-la_model__envelope_3c659c8193acdad7,Ca,tenfold_precision,-405478.92285347014,Ca-supported,correct
triple_061,p38539-pqq-la_model,p38539-pqq-la_model__envelope_3c659c8193acdad7,Ca,tenfold_strict,-405478.85547654494,Ca-supported,correct
triple_061,p38539-pqq-la_model,p38539-pqq-la_model__envelope_3c659c8193acdad7,Ca,threefold3p5,-405485.1048538574,Ca-supported,correct
triple_062,p38539-pqq-la_model,p38539-pqq-la_model__envelope_3c659c8193acdad7,Ca,envelope_mathematical,-405476.9879795102,Ca-supported,correct
triple_062,p38539-pqq-la_model,p38539-pqq-la_model__envelope_3c659c8193acdad7,Ca,envelope_operational,-405476.9879795102,Ca-supported,correct
triple_062,p38539-pqq-la_model,p38539-pqq-la_model__envelope_3c659c8193acdad7,Ca,envelope_origin,-405487.5834277078,Ca-supported,correct
triple_062,p38539-pqq-la_model,p38539-pqq-la_model__envelope_3c659c8193acdad7,Ca,released_static,-405494.7829083104,Ca-supported,correct
triple_062,p38539-pqq-la_model,p38539-pqq-la_model__envelope_3c659c8193acdad7,Ca,tenfold_precision,-405478.92285347014,Ca-supported,correct
triple_062,p38539-pqq-la_model,p38539-pqq-la_model__envelope_3c659c8193acdad7,Ca,tenfold_strict,-405478.85547654494,Ca-supported,correct
triple_062,p38539-pqq-la_model,p38539-pqq-la_model__envelope_3c659c8193acdad7,Ca,threefold3p5,-405487.1723025617,Ca-supported,correct
triple_063,p38539-pqq-la_model,p38539-pqq-la_model__envelope_3c659c8193acdad7,Ca,envelope_mathematical,-405484.14233209484,Ca-supported,correct
triple_063,p38539-pqq-la_model,p38539-pqq-la_model__envelope_3c659c8193acdad7,Ca,envelope_operational,-405484.14233209484,Ca-supported,correct
triple_063,p38539-pqq-la_model,p38539-pqq-la_model__envelope_3c659c8193acdad7,Ca,envelope_origin,-405489.12526634574,Ca-supported,correct
triple_063,p38539-pqq-la_model,p38539-pqq-la_model__envelope_3c659c8193acdad7,Ca,released_static,-405494.7829083104,Ca-supported,correct
triple_063,p38539-pqq-la_model,p38539-pqq-la_model__envelope_3c659c8193acdad7,Ca,tenfold_precision,-405486.2079020295,Ca-supported,correct
triple_063,p38539-pqq-la_model,p38539-pqq-la_model__envelope_3c659c8193acdad7,Ca,tenfold_strict,-405486.2077052363,Ca-supported,correct
triple_063,p38539-pqq-la_model,p38539-pqq-la_model__envelope_3c659c8193acdad7,Ca,threefold3p5,-405485.87936706265,Ca-supported,correct
triple_064,q4w6g0-pqq-la_model,q4w6g0-pqq-la_model__envelope_6827bf3c955fda67,Ca,envelope_mathematical,-405478.43410513556,Ca-supported,correct
triple_064,q4w6g0-pqq-la_model,q4w6g0-pqq-la_model__envelope_6827bf3c955fda67,Ca,envelope_operational,-405478.43410513556,Ca-supported,correct
triple_064,q4w6g0-pqq-la_model,q4w6g0-pqq-la_model__envelope_6827bf3c955fda67,Ca,envelope_origin,-405480.6831153757,Ca-supported,correct
triple_064,q4w6g0-pqq-la_model,q4w6g0-pqq-la_model__envelope_6827bf3c955fda67,Ca,released_static,-405477.793740516,Ca-supported,correct
triple_064,q4w6g0-pqq-la_model,q4w6g0-pqq-la_model__envelope_6827bf3c955fda67,Ca,tenfold_precision,-405475.02019336564,Ca-supported,correct
triple_064,q4w6g0-pqq-la_model,q4w6g0-pqq-la_model__envelope_6827bf3c955fda67,Ca,tenfold_strict,-405475.01942082174,Ca-supported,correct
triple_064,q4w6g0-pqq-la_model,q4w6g0-pqq-la_model__envelope_6827bf3c955fda67,Ca,threefold3p5,-405475.02019336564,Ca-supported,correct
triple_065,q4w6g0-pqq-la_model,q4w6g0-pqq-la_model__envelope_6827bf3c955fda67,Ca,envelope_mathematical,-405473.311210688,Ca-supported,correct
triple_065,q4w6g0-pqq-la_model,q4w6g0-pqq-la_model__envelope_6827bf3c955fda67,Ca,envelope_operational,-405473.311210688,Ca-supported,correct
triple_065,q4w6g0-pqq-la_model,q4w6g0-pqq-la_model__envelope_6827bf3c955fda67,Ca,envelope_origin,-405478.8380818557,Ca-supported,correct
triple_065,q4w6g0-pqq-la_model,q4w6g0-pqq-la_model__envelope_6827bf3c955fda67,Ca,released_static,-405477.7786774069,Ca-supported,correct
triple_065,q4w6g0-pqq-la_model,q4w6g0-pqq-la_model__envelope_6827bf3c955fda67,Ca,tenfold_precision,-405470.44412580866,Ca-supported,correct
triple_065,q4w6g0-pqq-la_model,q4w6g0-pqq-la_model__envelope_6827bf3c955fda67,Ca,tenfold_strict,-405470.4448563935,Ca-supported,correct
triple_065,q4w6g0-pqq-la_model,q4w6g0-pqq-la_model__envelope_6827bf3c955fda67,Ca,threefold3p5,-405470.44412580866,Ca-supported,correct
triple_066,q4w6g0-pqq-la_model,q4w6g0-pqq-la_model__envelope_6827bf3c955fda67,Ca,envelope_mathematical,-405478.43410513556,Ca-supported,correct
triple_066,q4w6g0-pqq-la_model,q4w6g0-pqq-la_model__envelope_6827bf3c955fda67,Ca,envelope_operational,-405478.43410513556,Ca-supported,correct
triple_066,q4w6g0-pqq-la_model,q4w6g0-pqq-la_model__envelope_6827bf3c955fda67,Ca,envelope_origin,-405478.8380818557,Ca-supported,correct
triple_066,q4w6g0-pqq-la_model,q4w6g0-pqq-la_model__envelope_6827bf3c955fda67,Ca,released_static,-405477.7786774069,Ca-supported,correct
triple_066,q4w6g0-pqq-la_model,q4w6g0-pqq-la_model__envelope_6827bf3c955fda67,Ca,tenfold_precision,-405475.02019336564,Ca-supported,correct
triple_066,q4w6g0-pqq-la_model,q4w6g0-pqq-la_model__envelope_6827bf3c955fda67,Ca,tenfold_strict,-405475.01942082174,Ca-supported,correct
triple_066,q4w6g0-pqq-la_model,q4w6g0-pqq-la_model__envelope_6827bf3c955fda67,Ca,threefold3p5,-405475.02019336564,Ca-supported,correct
triple_067,q4w6g0-pqq-la_model,q4w6g0-pqq-la_model__envelope_6827bf3c955fda67,Ca,envelope_mathematical,-405473.311210688,Ca-supported,correct
triple_067,q4w6g0-pqq-la_model,q4w6g0-pqq-la_model__envelope_6827bf3c955fda67,Ca,envelope_operational,-405473.311210688,Ca-supported,correct
triple_067,q4w6g0-pqq-la_model,q4w6g0-pqq-la_model__envelope_6827bf3c955fda67,Ca,envelope_origin,-405480.6831153757,Ca-supported,correct
triple_067,q4w6g0-pqq-la_model,q4w6g0-pqq-la_model__envelope_6827bf3c955fda67,Ca,released_static,-405477.793740516,Ca-supported,correct
triple_067,q4w6g0-pqq-la_model,q4w6g0-pqq-la_model__envelope_6827bf3c955fda67,Ca,tenfold_precision,-405470.44412580866,Ca-supported,correct
triple_067,q4w6g0-pqq-la_model,q4w6g0-pqq-la_model__envelope_6827bf3c955fda67,Ca,tenfold_strict,-405470.4448563935,Ca-supported,correct
triple_067,q4w6g0-pqq-la_model,q4w6g0-pqq-la_model__envelope_6827bf3c955fda67,Ca,threefold3p5,-405470.44412580866,Ca-supported,correct
triple_068,q60ar6-pqq-la_model,q60ar6-pqq-la_model__envelope_cefdcb289daedf76,Ca,envelope_mathematical,-405471.5317475808,Ca-supported,correct
triple_068,q60ar6-pqq-la_model,q60ar6-pqq-la_model__envelope_cefdcb289daedf76,Ca,envelope_operational,-405471.5317475808,Ca-supported,correct
triple_068,q60ar6-pqq-la_model,q60ar6-pqq-la_model__envelope_cefdcb289daedf76,Ca,envelope_origin,-405476.6660912244,Ca-supported,correct
triple_068,q60ar6-pqq-la_model,q60ar6-pqq-la_model__envelope_cefdcb289daedf76,Ca,released_static,-405485.75146229164,Ca-supported,correct
triple_068,q60ar6-pqq-la_model,q60ar6-pqq-la_model__envelope_cefdcb289daedf76,Ca,tenfold_precision,-405482.00379557075,Ca-supported,correct
triple_068,q60ar6-pqq-la_model,q60ar6-pqq-la_model__envelope_cefdcb289daedf76,Ca,tenfold_strict,-405482.00427430525,Ca-supported,correct
triple_068,q60ar6-pqq-la_model,q60ar6-pqq-la_model__envelope_cefdcb289daedf76,Ca,threefold3p5,-405482.00379557075,Ca-supported,correct
triple_069,q60ar6-pqq-la_model,q60ar6-pqq-la_model__envelope_cefdcb289daedf76,Ca,envelope_mathematical,-405480.65088975575,Ca-supported,correct
triple_069,q60ar6-pqq-la_model,q60ar6-pqq-la_model__envelope_cefdcb289daedf76,Ca,envelope_operational,-405480.65088975575,Ca-supported,correct
triple_069,q60ar6-pqq-la_model,q60ar6-pqq-la_model__envelope_cefdcb289daedf76,Ca,envelope_origin,-405486.14100828953,Ca-supported,correct
triple_069,q60ar6-pqq-la_model,q60ar6-pqq-la_model__envelope_cefdcb289daedf76,Ca,released_static,-405486.22727385216,Ca-supported,correct
triple_069,q60ar6-pqq-la_model,q60ar6-pqq-la_model__envelope_cefdcb289daedf76,Ca,tenfold_precision,-405482.00379557075,Ca-supported,correct
triple_069,q60ar6-pqq-la_model,q60ar6-pqq-la_model__envelope_cefdcb289daedf76,Ca,tenfold_strict,-405482.00427430525,Ca-supported,correct
triple_069,q60ar6-pqq-la_model,q60ar6-pqq-la_model__envelope_cefdcb289daedf76,Ca,threefold3p5,-405482.00379557075,Ca-supported,correct
triple_070,q60ar6-pqq-la_model,q60ar6-pqq-la_model__envelope_0ff7468d33d7bf27,Ca,envelope_mathematical,-405470.8626996677,Ca-supported,correct
triple_070,q60ar6-pqq-la_model,q60ar6-pqq-la_model__envelope_0ff7468d33d7bf27,Ca,envelope_operational,-405470.8626996677,Ca-supported,correct
triple_070,q60ar6-pqq-la_model,q60ar6-pqq-la_model__envelope_0ff7468d33d7bf27,Ca,envelope_origin,-405476.0133084897,Ca-supported,correct
triple_070,q60ar6-pqq-la_model,q60ar6-pqq-la_model__envelope_0ff7468d33d7bf27,Ca,released_static,-405486.22727385216,Ca-supported,correct
triple_070,q60ar6-pqq-la_model,q60ar6-pqq-la_model__envelope_0ff7468d33d7bf27,Ca,tenfold_precision,-405479.66974029236,Ca-supported,correct
triple_070,q60ar6-pqq-la_model,q60ar6-pqq-la_model__envelope_0ff7468d33d7bf27,Ca,tenfold_strict,-405479.6672646018,Ca-supported,correct
triple_070,q60ar6-pqq-la_model,q60ar6-pqq-la_model__envelope_0ff7468d33d7bf27,Ca,threefold3p5,-405479.66974029236,Ca-supported,correct
triple_071,q60ar6-pqq-la_model,q60ar6-pqq-la_model__envelope_cefdcb289daedf76,Ca,envelope_mathematical,-405480.65088975575,Ca-supported,correct
triple_071,q60ar6-pqq-la_model,q60ar6-pqq-la_model__envelope_cefdcb289daedf76,Ca,envelope_operational,-405480.65088975575,Ca-supported,correct
triple_071,q60ar6-pqq-la_model,q60ar6-pqq-la_model__envelope_cefdcb289daedf76,Ca,envelope_origin,-405486.14100828953,Ca-supported,correct
triple_071,q60ar6-pqq-la_model,q60ar6-pqq-la_model__envelope_cefdcb289daedf76,Ca,released_static,-405485.75146229164,Ca-supported,correct
triple_071,q60ar6-pqq-la_model,q60ar6-pqq-la_model__envelope_cefdcb289daedf76,Ca,tenfold_precision,-405479.66974029236,Ca-supported,correct
triple_071,q60ar6-pqq-la_model,q60ar6-pqq-la_model__envelope_cefdcb289daedf76,Ca,tenfold_strict,-405479.6672646018,Ca-supported,correct
triple_071,q60ar6-pqq-la_model,q60ar6-pqq-la_model__envelope_cefdcb289daedf76,Ca,threefold3p5,-405479.66974029236,Ca-supported,correct
triple_072,q88jh0-pqq-la_model,q88jh0-pqq-la_model__envelope_2fba6938336689b8,La,envelope_mathematical,-405445.6729832067,La-supported,correct
triple_072,q88jh0-pqq-la_model,q88jh0-pqq-la_model__envelope_2fba6938336689b8,La,envelope_operational,-405445.6729832067,La-supported,correct
triple_072,q88jh0-pqq-la_model,q88jh0-pqq-la_model__envelope_2fba6938336689b8,La,envelope_origin,-405448.4131568227,La-supported,correct
triple_072,q88jh0-pqq-la_model,q88jh0-pqq-la_model__envelope_2fba6938336689b8,La,released_static,-405446.97645061905,La-supported,correct
triple_072,q88jh0-pqq-la_model,q88jh0-pqq-la_model__envelope_2fba6938336689b8,La,tenfold_precision,-405446.8433840496,La-supported,correct
triple_072,q88jh0-pqq-la_model,q88jh0-pqq-la_model__envelope_2fba6938336689b8,La,tenfold_strict,-405446.84420048643,La-supported,correct
triple_072,q88jh0-pqq-la_model,q88jh0-pqq-la_model__envelope_2fba6938336689b8,La,threefold3p5,-405446.8433840496,La-supported,correct
triple_073,q88jh0-pqq-la_model,q88jh0-pqq-la_model__envelope_2fba6938336689b8,La,envelope_mathematical,-405445.6729832067,La-supported,correct
triple_073,q88jh0-pqq-la_model,q88jh0-pqq-la_model__envelope_2fba6938336689b8,La,envelope_operational,-405445.6729832067,La-supported,correct
triple_073,q88jh0-pqq-la_model,q88jh0-pqq-la_model__envelope_2fba6938336689b8,La,envelope_origin,-405448.4131568227,La-supported,correct
triple_073,q88jh0-pqq-la_model,q88jh0-pqq-la_model__envelope_2fba6938336689b8,La,released_static,-405446.97645061905,La-supported,correct
triple_073,q88jh0-pqq-la_model,q88jh0-pqq-la_model__envelope_2fba6938336689b8,La,tenfold_precision,-405446.8433840496,La-supported,correct
triple_073,q88jh0-pqq-la_model,q88jh0-pqq-la_model__envelope_2fba6938336689b8,La,tenfold_strict,-405446.84420048643,La-supported,correct
triple_073,q88jh0-pqq-la_model,q88jh0-pqq-la_model__envelope_2fba6938336689b8,La,threefold3p5,-405444.30362057197,La-supported,correct
triple_074,q88jh0-pqq-la_model,q88jh0-pqq-la_model__envelope_2fba6938336689b8,La,envelope_mathematical,-405440.8106776525,La-supported,correct
triple_074,q88jh0-pqq-la_model,q88jh0-pqq-la_model__envelope_2fba6938336689b8,La,envelope_operational,-405440.8106776525,La-supported,correct
triple_074,q88jh0-pqq-la_model,q88jh0-pqq-la_model__envelope_2fba6938336689b8,La,envelope_origin,-405447.54368947394,La-supported,correct
triple_074,q88jh0-pqq-la_model,q88jh0-pqq-la_model__envelope_2fba6938336689b8,La,released_static,-405439.654341807,La-supported,correct
triple_074,q88jh0-pqq-la_model,q88jh0-pqq-la_model__envelope_2fba6938336689b8,La,tenfold_precision,-405440.55313343136,La-supported,correct
triple_074,q88jh0-pqq-la_model,q88jh0-pqq-la_model__envelope_2fba6938336689b8,La,tenfold_strict,-405440.553157298,La-supported,correct
triple_074,q88jh0-pqq-la_model,q88jh0-pqq-la_model__envelope_2fba6938336689b8,La,threefold3p5,-405440.55313343136,La-supported,correct
triple_075,q88jh0-pqq-la_model,q88jh0-pqq-la_model__envelope_2fba6938336689b8,La,envelope_mathematical,-405440.8106776525,La-supported,correct
triple_075,q88jh0-pqq-la_model,q88jh0-pqq-la_model__envelope_2fba6938336689b8,La,envelope_operational,-405440.8106776525,La-supported,correct
triple_075,q88jh0-pqq-la_model,q88jh0-pqq-la_model__envelope_2fba6938336689b8,La,envelope_origin,-405447.54368947394,La-supported,correct
triple_075,q88jh0-pqq-la_model,q88jh0-pqq-la_model__envelope_2fba6938336689b8,La,released_static,-405439.654341807,La-supported,correct
triple_075,q88jh0-pqq-la_model,q88jh0-pqq-la_model__envelope_2fba6938336689b8,La,tenfold_precision,-405440.55313343136,La-supported,correct
triple_075,q88jh0-pqq-la_model,q88jh0-pqq-la_model__envelope_2fba6938336689b8,La,tenfold_strict,-405440.553157298,La-supported,correct
triple_075,q88jh0-pqq-la_model,q88jh0-pqq-la_model__envelope_2fba6938336689b8,La,threefold3p5,-405440.55313343136,La-supported,correct
triple_076,q88jh5-pqq-la_model,,Ca,envelope_mathematical,,unavailable,unavailable
triple_076,q88jh5-pqq-la_model,,Ca,envelope_operational,,unavailable,unavailable
triple_076,q88jh5-pqq-la_model,,Ca,envelope_origin,,unavailable,unavailable
triple_076,q88jh5-pqq-la_model,,Ca,released_static,,unavailable,unavailable
triple_076,q88jh5-pqq-la_model,,Ca,tenfold_precision,,unavailable,unavailable
triple_076,q88jh5-pqq-la_model,,Ca,tenfold_strict,,unavailable,unavailable
triple_076,q88jh5-pqq-la_model,,Ca,threefold3p5,,unavailable,unavailable
triple_077,q88jh5-pqq-la_model,,Ca,envelope_mathematical,,unavailable,unavailable
triple_077,q88jh5-pqq-la_model,,Ca,envelope_operational,,unavailable,unavailable
triple_077,q88jh5-pqq-la_model,,Ca,envelope_origin,,unavailable,unavailable
triple_077,q88jh5-pqq-la_model,,Ca,released_static,,unavailable,unavailable
triple_077,q88jh5-pqq-la_model,,Ca,tenfold_precision,,unavailable,unavailable
triple_077,q88jh5-pqq-la_model,,Ca,tenfold_strict,,unavailable,unavailable
triple_077,q88jh5-pqq-la_model,,Ca,threefold3p5,,unavailable,unavailable
triple_078,q88jh5-pqq-la_model,q88jh5-pqq-la_model__envelope_12c9e6b669aeb9c8,Ca,envelope_mathematical,-405468.40043293685,Ca-supported,correct
triple_078,q88jh5-pqq-la_model,q88jh5-pqq-la_model__envelope_12c9e6b669aeb9c8,Ca,envelope_operational,-405468.40043293685,Ca-supported,correct
triple_078,q88jh5-pqq-la_model,q88jh5-pqq-la_model__envelope_12c9e6b669aeb9c8,Ca,envelope_origin,-405474.99055424077,Ca-supported,correct
triple_078,q88jh5-pqq-la_model,q88jh5-pqq-la_model__envelope_12c9e6b669aeb9c8,Ca,released_static,-405478.9561280459,Ca-supported,correct
triple_078,q88jh5-pqq-la_model,q88jh5-pqq-la_model__envelope_12c9e6b669aeb9c8,Ca,tenfold_precision,-405469.98936711106,Ca-supported,correct
triple_078,q88jh5-pqq-la_model,q88jh5-pqq-la_model__envelope_12c9e6b669aeb9c8,Ca,tenfold_strict,-405469.9913632658,Ca-supported,correct
triple_078,q88jh5-pqq-la_model,q88jh5-pqq-la_model__envelope_12c9e6b669aeb9c8,Ca,threefold3p5,-405469.98936711106,Ca-supported,correct
triple_079,q88jh5-pqq-la_model,,Ca,envelope_mathematical,,unavailable,unavailable
triple_079,q88jh5-pqq-la_model,,Ca,envelope_operational,,unavailable,unavailable
triple_079,q88jh5-pqq-la_model,,Ca,envelope_origin,,unavailable,unavailable
triple_079,q88jh5-pqq-la_model,,Ca,released_static,,unavailable,unavailable
triple_079,q88jh5-pqq-la_model,,Ca,tenfold_precision,,unavailable,unavailable
triple_079,q88jh5-pqq-la_model,,Ca,tenfold_strict,,unavailable,unavailable
triple_079,q88jh5-pqq-la_model,,Ca,threefold3p5,,unavailable,unavailable
triple_080,q89gy2-pqq-la_model,q89gy2-pqq-la_model__envelope_d6071546219d9d9e,La,envelope_mathematical,-405441.3534626001,La-supported,correct
triple_080,q89gy2-pqq-la_model,q89gy2-pqq-la_model__envelope_d6071546219d9d9e,La,envelope_operational,-405441.3534626001,La-supported,correct
triple_080,q89gy2-pqq-la_model,q89gy2-pqq-la_model__envelope_d6071546219d9d9e,La,envelope_origin,-405442.30377688824,La-supported,correct
triple_080,q89gy2-pqq-la_model,q89gy2-pqq-la_model__envelope_d6071546219d9d9e,La,released_static,-405439.09694351634,La-supported,correct
triple_080,q89gy2-pqq-la_model,q89gy2-pqq-la_model__envelope_d6071546219d9d9e,La,tenfold_precision,-405438.7412417061,La-supported,correct
triple_080,q89gy2-pqq-la_model,q89gy2-pqq-la_model__envelope_d6071546219d9d9e,La,tenfold_strict,-405438.6749793669,La-supported,correct
triple_080,q89gy2-pqq-la_model,q89gy2-pqq-la_model__envelope_d6071546219d9d9e,La,threefold3p5,-405438.23657246004,La-supported,correct
triple_081,q89gy2-pqq-la_model,q89gy2-pqq-la_model__envelope_d6071546219d9d9e,La,envelope_mathematical,-405439.75260605407,La-supported,correct
triple_081,q89gy2-pqq-la_model,q89gy2-pqq-la_model__envelope_d6071546219d9d9e,La,envelope_operational,-405439.75260605407,La-supported,correct
triple_081,q89gy2-pqq-la_model,q89gy2-pqq-la_model__envelope_d6071546219d9d9e,La,envelope_origin,-405439.523625904,La-supported,correct
triple_081,q89gy2-pqq-la_model,q89gy2-pqq-la_model__envelope_d6071546219d9d9e,La,released_static,-405436.28800721664,La-supported,correct
triple_081,q89gy2-pqq-la_model,q89gy2-pqq-la_model__envelope_d6071546219d9d9e,La,tenfold_precision,-405436.9674168774,La-supported,correct
triple_081,q89gy2-pqq-la_model,q89gy2-pqq-la_model__envelope_d6071546219d9d9e,La,tenfold_strict,-405436.9705730592,La-supported,correct
triple_081,q89gy2-pqq-la_model,q89gy2-pqq-la_model__envelope_d6071546219d9d9e,La,threefold3p5,-405437.0513323586,La-supported,correct
triple_082,q89gy2-pqq-la_model,q89gy2-pqq-la_model__envelope_d6071546219d9d9e,La,envelope_mathematical,-405439.75260605407,La-supported,correct
triple_082,q89gy2-pqq-la_model,q89gy2-pqq-la_model__envelope_d6071546219d9d9e,La,envelope_operational,-405439.75260605407,La-supported,correct
triple_082,q89gy2-pqq-la_model,q89gy2-pqq-la_model__envelope_d6071546219d9d9e,La,envelope_origin,-405439.523625904,La-supported,correct
triple_082,q89gy2-pqq-la_model,q89gy2-pqq-la_model__envelope_d6071546219d9d9e,La,released_static,-405436.28800721664,La-supported,correct
triple_082,q89gy2-pqq-la_model,q89gy2-pqq-la_model__envelope_d6071546219d9d9e,La,tenfold_precision,-405436.9674168774,La-supported,correct
triple_082,q89gy2-pqq-la_model,q89gy2-pqq-la_model__envelope_d6071546219d9d9e,La,tenfold_strict,-405436.9705730592,La-supported,correct
triple_082,q89gy2-pqq-la_model,q89gy2-pqq-la_model__envelope_d6071546219d9d9e,La,threefold3p5,-405437.0513323586,La-supported,correct
triple_083,q89gy2-pqq-la_model,q89gy2-pqq-la_model__envelope_d6071546219d9d9e,La,envelope_mathematical,-405441.3534626001,La-supported,correct
triple_083,q89gy2-pqq-la_model,q89gy2-pqq-la_model__envelope_d6071546219d9d9e,La,envelope_operational,-405441.3534626001,La-supported,correct
triple_083,q89gy2-pqq-la_model,q89gy2-pqq-la_model__envelope_d6071546219d9d9e,La,envelope_origin,-405442.30377688824,La-supported,correct
triple_083,q89gy2-pqq-la_model,q89gy2-pqq-la_model__envelope_d6071546219d9d9e,La,released_static,-405439.09694351634,La-supported,correct
triple_083,q89gy2-pqq-la_model,q89gy2-pqq-la_model__envelope_d6071546219d9d9e,La,tenfold_precision,-405438.7412417061,La-supported,correct
triple_083,q89gy2-pqq-la_model,q89gy2-pqq-la_model__envelope_d6071546219d9d9e,La,tenfold_strict,-405438.6749793669,La-supported,correct
triple_083,q89gy2-pqq-la_model,q89gy2-pqq-la_model__envelope_d6071546219d9d9e,La,threefold3p5,-405437.6811396875,La-supported,correct
triple_084,q8gr64-pqq-la_model,q8gr64-pqq-la_model__envelope_0e84aa21f1346d1a,Ca,envelope_mathematical,-405481.9301744316,Ca-supported,correct
triple_084,q8gr64-pqq-la_model,q8gr64-pqq-la_model__envelope_0e84aa21f1346d1a,Ca,envelope_operational,-405481.9301744316,Ca-supported,correct
triple_084,q8gr64-pqq-la_model,q8gr64-pqq-la_model__envelope_0e84aa21f1346d1a,Ca,envelope_origin,-405492.8326380928,Ca-supported,correct
triple_084,q8gr64-pqq-la_model,q8gr64-pqq-la_model__envelope_0e84aa21f1346d1a,Ca,released_static,-405495.7163137585,Ca-supported,correct
triple_084,q8gr64-pqq-la_model,q8gr64-pqq-la_model__envelope_0e84aa21f1346d1a,Ca,tenfold_precision,-405480.34554775286,Ca-supported,correct
triple_084,q8gr64-pqq-la_model,q8gr64-pqq-la_model__envelope_0e84aa21f1346d1a,Ca,tenfold_strict,-405480.34412917355,Ca-supported,correct
triple_084,q8gr64-pqq-la_model,q8gr64-pqq-la_model__envelope_0e84aa21f1346d1a,Ca,threefold3p5,-405485.3189027531,Ca-supported,correct
triple_085,q8gr64-pqq-la_model,q8gr64-pqq-la_model__envelope_0e84aa21f1346d1a,Ca,envelope_mathematical,-405481.73213013564,Ca-supported,correct
triple_085,q8gr64-pqq-la_model,q8gr64-pqq-la_model__envelope_0e84aa21f1346d1a,Ca,envelope_operational,-405481.73213013564,Ca-supported,correct
triple_085,q8gr64-pqq-la_model,q8gr64-pqq-la_model__envelope_0e84aa21f1346d1a,Ca,envelope_origin,-405492.14432667446,Ca-supported,correct
triple_085,q8gr64-pqq-la_model,q8gr64-pqq-la_model__envelope_0e84aa21f1346d1a,Ca,released_static,-405495.7163137585,Ca-supported,correct
triple_085,q8gr64-pqq-la_model,q8gr64-pqq-la_model__envelope_0e84aa21f1346d1a,Ca,tenfold_precision,-405480.34554775286,Ca-supported,correct
triple_085,q8gr64-pqq-la_model,q8gr64-pqq-la_model__envelope_0e84aa21f1346d1a,Ca,tenfold_strict,-405480.34412917355,Ca-supported,correct
triple_085,q8gr64-pqq-la_model,q8gr64-pqq-la_model__envelope_0e84aa21f1346d1a,Ca,threefold3p5,-405485.3189027531,Ca-supported,correct
triple_086,q8gr64-pqq-la_model,q8gr64-pqq-la_model__envelope_0e84aa21f1346d1a,Ca,envelope_mathematical,-405481.73213013564,Ca-supported,correct
triple_086,q8gr64-pqq-la_model,q8gr64-pqq-la_model__envelope_0e84aa21f1346d1a,Ca,envelope_operational,-405481.73213013564,Ca-supported,correct
triple_086,q8gr64-pqq-la_model,q8gr64-pqq-la_model__envelope_0e84aa21f1346d1a,Ca,envelope_origin,-405492.14432667446,Ca-supported,correct
triple_086,q8gr64-pqq-la_model,q8gr64-pqq-la_model__envelope_0e84aa21f1346d1a,Ca,released_static,-405493.96486741287,Ca-supported,correct
triple_086,q8gr64-pqq-la_model,q8gr64-pqq-la_model__envelope_0e84aa21f1346d1a,Ca,tenfold_precision,-405480.3257744906,Ca-supported,correct
triple_086,q8gr64-pqq-la_model,q8gr64-pqq-la_model__envelope_0e84aa21f1346d1a,Ca,tenfold_strict,-405480.32343555073,Ca-supported,correct
triple_086,q8gr64-pqq-la_model,q8gr64-pqq-la_model__envelope_0e84aa21f1346d1a,Ca,threefold3p5,-405483.8195914386,Ca-supported,correct
triple_087,q8gr64-pqq-la_model,q8gr64-pqq-la_model__envelope_0e84aa21f1346d1a,Ca,envelope_mathematical,-405481.9301744316,Ca-supported,correct
triple_087,q8gr64-pqq-la_model,q8gr64-pqq-la_model__envelope_0e84aa21f1346d1a,Ca,envelope_operational,-405481.9301744316,Ca-supported,correct
triple_087,q8gr64-pqq-la_model,q8gr64-pqq-la_model__envelope_0e84aa21f1346d1a,Ca,envelope_origin,-405492.8326380928,Ca-supported,correct
triple_087,q8gr64-pqq-la_model,q8gr64-pqq-la_model__envelope_0e84aa21f1346d1a,Ca,released_static,-405493.96486741287,Ca-supported,correct
triple_087,q8gr64-pqq-la_model,q8gr64-pqq-la_model__envelope_0e84aa21f1346d1a,Ca,tenfold_precision,-405480.3257744906,Ca-supported,correct
triple_087,q8gr64-pqq-la_model,q8gr64-pqq-la_model__envelope_0e84aa21f1346d1a,Ca,tenfold_strict,-405480.32343555073,Ca-supported,correct
triple_087,q8gr64-pqq-la_model,q8gr64-pqq-la_model__envelope_0e84aa21f1346d1a,Ca,threefold3p5,-405483.0724446782,Ca-supported,correct
triple_088,q92wy9-pqq-la_model,q92wy9-pqq-la_model__envelope_95c60a681ae9e61a,La,envelope_mathematical,-405432.47556782776,La-supported,correct
triple_088,q92wy9-pqq-la_model,q92wy9-pqq-la_model__envelope_95c60a681ae9e61a,La,envelope_operational,-405432.47556782776,La-supported,correct
triple_088,q92wy9-pqq-la_model,q92wy9-pqq-la_model__envelope_95c60a681ae9e61a,La,envelope_origin,-405436.1761731127,La-supported,correct
triple_088,q92wy9-pqq-la_model,q92wy9-pqq-la_model__envelope_95c60a681ae9e61a,La,released_static,-405434.0985632278,La-supported,correct
triple_088,q92wy9-pqq-la_model,q92wy9-pqq-la_model__envelope_95c60a681ae9e61a,La,tenfold_precision,-405430.4773864062,La-supported,correct
triple_088,q92wy9-pqq-la_model,q92wy9-pqq-la_model__envelope_95c60a681ae9e61a,La,tenfold_strict,-405430.47706631804,La-supported,correct
triple_088,q92wy9-pqq-la_model,q92wy9-pqq-la_model__envelope_95c60a681ae9e61a,La,threefold3p5,-405430.25257141714,La-supported,correct
triple_089,q92wy9-pqq-la_model,q92wy9-pqq-la_model__envelope_95c60a681ae9e61a,La,envelope_mathematical,-405432.47556782776,La-supported,correct
triple_089,q92wy9-pqq-la_model,q92wy9-pqq-la_model__envelope_95c60a681ae9e61a,La,envelope_operational,-405432.47556782776,La-supported,correct
triple_089,q92wy9-pqq-la_model,q92wy9-pqq-la_model__envelope_95c60a681ae9e61a,La,envelope_origin,-405436.1761731127,La-supported,correct
triple_089,q92wy9-pqq-la_model,q92wy9-pqq-la_model__envelope_95c60a681ae9e61a,La,released_static,-405434.0985632278,La-supported,correct
triple_089,q92wy9-pqq-la_model,q92wy9-pqq-la_model__envelope_95c60a681ae9e61a,La,tenfold_precision,-405429.8046506713,La-supported,correct
triple_089,q92wy9-pqq-la_model,q92wy9-pqq-la_model__envelope_95c60a681ae9e61a,La,tenfold_strict,-405429.787320751,La-supported,correct
triple_089,q92wy9-pqq-la_model,q92wy9-pqq-la_model__envelope_95c60a681ae9e61a,La,threefold3p5,-405429.8046506713,La-supported,correct
triple_090,q92wy9-pqq-la_model,q92wy9-pqq-la_model__envelope_95c60a681ae9e61a,La,envelope_mathematical,-405432.91026500997,La-supported,correct
triple_090,q92wy9-pqq-la_model,q92wy9-pqq-la_model__envelope_95c60a681ae9e61a,La,envelope_operational,-405432.91026500997,La-supported,correct
triple_090,q92wy9-pqq-la_model,q92wy9-pqq-la_model__envelope_95c60a681ae9e61a,La,envelope_origin,-405437.7185248083,La-supported,correct
triple_090,q92wy9-pqq-la_model,q92wy9-pqq-la_model__envelope_95c60a681ae9e61a,La,released_static,-405434.14736613695,La-supported,correct
triple_090,q92wy9-pqq-la_model,q92wy9-pqq-la_model__envelope_95c60a681ae9e61a,La,tenfold_precision,-405430.4773864062,La-supported,correct
triple_090,q92wy9-pqq-la_model,q92wy9-pqq-la_model__envelope_95c60a681ae9e61a,La,tenfold_strict,-405430.47706631804,La-supported,correct
triple_090,q92wy9-pqq-la_model,q92wy9-pqq-la_model__envelope_95c60a681ae9e61a,La,threefold3p5,-405430.4773864062,La-supported,correct
triple_091,q92wy9-pqq-la_model,q92wy9-pqq-la_model__envelope_95c60a681ae9e61a,La,envelope_mathematical,-405432.91026500997,La-supported,correct
triple_091,q92wy9-pqq-la_model,q92wy9-pqq-la_model__envelope_95c60a681ae9e61a,La,envelope_operational,-405432.91026500997,La-supported,correct
triple_091,q92wy9-pqq-la_model,q92wy9-pqq-la_model__envelope_95c60a681ae9e61a,La,envelope_origin,-405437.7185248083,La-supported,correct
triple_091,q92wy9-pqq-la_model,q92wy9-pqq-la_model__envelope_95c60a681ae9e61a,La,released_static,-405434.14736613695,La-supported,correct
triple_091,q92wy9-pqq-la_model,q92wy9-pqq-la_model__envelope_95c60a681ae9e61a,La,tenfold_precision,-405429.8046506713,La-supported,correct
triple_091,q92wy9-pqq-la_model,q92wy9-pqq-la_model__envelope_95c60a681ae9e61a,La,tenfold_strict,-405429.787320751,La-supported,correct
triple_091,q92wy9-pqq-la_model,q92wy9-pqq-la_model__envelope_95c60a681ae9e61a,La,threefold3p5,-405429.11512209417,La-supported,correct
triple_092,q9l935-pqq-la_model,q9l935-pqq-la_model__envelope_722cdd31821909e8,Ca,envelope_mathematical,-405484.49874651263,Ca-supported,correct
triple_092,q9l935-pqq-la_model,q9l935-pqq-la_model__envelope_722cdd31821909e8,Ca,envelope_operational,-405484.49874651263,Ca-supported,correct
triple_092,q9l935-pqq-la_model,q9l935-pqq-la_model__envelope_722cdd31821909e8,Ca,envelope_origin,-405489.62791971135,Ca-supported,correct
triple_092,q9l935-pqq-la_model,q9l935-pqq-la_model__envelope_722cdd31821909e8,Ca,released_static,-405489.4478354919,Ca-supported,correct
triple_092,q9l935-pqq-la_model,q9l935-pqq-la_model__envelope_722cdd31821909e8,Ca,tenfold_precision,-405483.5845613822,Ca-supported,correct
triple_092,q9l935-pqq-la_model,q9l935-pqq-la_model__envelope_722cdd31821909e8,Ca,tenfold_strict,-405483.5818818106,Ca-supported,correct
triple_092,q9l935-pqq-la_model,q9l935-pqq-la_model__envelope_722cdd31821909e8,Ca,threefold3p5,-405483.5845613822,Ca-supported,correct
triple_093,q9l935-pqq-la_model,q9l935-pqq-la_model__envelope_722cdd31821909e8,Ca,envelope_mathematical,-405486.33339703636,Ca-supported,correct
triple_093,q9l935-pqq-la_model,q9l935-pqq-la_model__envelope_722cdd31821909e8,Ca,envelope_operational,-405486.33339703636,Ca-supported,correct
triple_093,q9l935-pqq-la_model,q9l935-pqq-la_model__envelope_722cdd31821909e8,Ca,envelope_origin,-405490.5189129632,Ca-supported,correct
triple_093,q9l935-pqq-la_model,q9l935-pqq-la_model__envelope_722cdd31821909e8,Ca,released_static,-405490.57682975265,Ca-supported,correct
triple_093,q9l935-pqq-la_model,q9l935-pqq-la_model__envelope_722cdd31821909e8,Ca,tenfold_precision,-405484.2868211063,Ca-supported,correct
triple_093,q9l935-pqq-la_model,q9l935-pqq-la_model__envelope_722cdd31821909e8,Ca,tenfold_strict,-405484.28865914996,Ca-supported,correct
triple_093,q9l935-pqq-la_model,q9l935-pqq-la_model__envelope_722cdd31821909e8,Ca,threefold3p5,-405484.2868211063,Ca-supported,correct
triple_094,q9l935-pqq-la_model,q9l935-pqq-la_model__envelope_722cdd31821909e8,Ca,envelope_mathematical,-405486.33339703636,Ca-supported,correct
triple_094,q9l935-pqq-la_model,q9l935-pqq-la_model__envelope_722cdd31821909e8,Ca,envelope_operational,-405486.33339703636,Ca-supported,correct
triple_094,q9l935-pqq-la_model,q9l935-pqq-la_model__envelope_722cdd31821909e8,Ca,envelope_origin,-405489.62791971135,Ca-supported,correct
triple_094,q9l935-pqq-la_model,q9l935-pqq-la_model__envelope_722cdd31821909e8,Ca,released_static,-405489.4478354919,Ca-supported,correct
triple_094,q9l935-pqq-la_model,q9l935-pqq-la_model__envelope_722cdd31821909e8,Ca,tenfold_precision,-405484.2868211063,Ca-supported,correct
triple_094,q9l935-pqq-la_model,q9l935-pqq-la_model__envelope_722cdd31821909e8,Ca,tenfold_strict,-405484.28865914996,Ca-supported,correct
triple_094,q9l935-pqq-la_model,q9l935-pqq-la_model__envelope_722cdd31821909e8,Ca,threefold3p5,-405484.2868211063,Ca-supported,correct
triple_095,q9l935-pqq-la_model,q9l935-pqq-la_model__envelope_722cdd31821909e8,Ca,envelope_mathematical,-405484.49874651263,Ca-supported,correct
triple_095,q9l935-pqq-la_model,q9l935-pqq-la_model__envelope_722cdd31821909e8,Ca,envelope_operational,-405484.49874651263,Ca-supported,correct
triple_095,q9l935-pqq-la_model,q9l935-pqq-la_model__envelope_722cdd31821909e8,Ca,envelope_origin,-405490.5189129632,Ca-supported,correct
triple_095,q9l935-pqq-la_model,q9l935-pqq-la_model__envelope_722cdd31821909e8,Ca,released_static,-405490.57682975265,Ca-supported,correct
triple_095,q9l935-pqq-la_model,q9l935-pqq-la_model__envelope_722cdd31821909e8,Ca,tenfold_precision,-405483.5845613822,Ca-supported,correct
triple_095,q9l935-pqq-la_model,q9l935-pqq-la_model__envelope_722cdd31821909e8,Ca,tenfold_strict,-405483.5818818106,Ca-supported,correct
triple_095,q9l935-pqq-la_model,q9l935-pqq-la_model__envelope_722cdd31821909e8,Ca,threefold3p5,-405483.5845613822,Ca-supported,correct
triple_096,q9z4j7-pqq-la_model,q9z4j7-pqq-la_model__envelope_5eba0c9b39ead1ee,Ca,envelope_mathematical,-405476.4207961127,Ca-supported,correct
triple_096,q9z4j7-pqq-la_model,q9z4j7-pqq-la_model__envelope_5eba0c9b39ead1ee,Ca,envelope_operational,-405476.4207961127,Ca-supported,correct
triple_096,q9z4j7-pqq-la_model,q9z4j7-pqq-la_model__envelope_5eba0c9b39ead1ee,Ca,envelope_origin,-405479.34129336214,Ca-supported,correct
triple_096,q9z4j7-pqq-la_model,q9z4j7-pqq-la_model__envelope_5eba0c9b39ead1ee,Ca,released_static,-405469.6848696391,Ca-supported,correct
triple_096,q9z4j7-pqq-la_model,q9z4j7-pqq-la_model__envelope_5eba0c9b39ead1ee,Ca,tenfold_precision,-405475.2469417841,Ca-supported,correct
triple_096,q9z4j7-pqq-la_model,q9z4j7-pqq-la_model__envelope_5eba0c9b39ead1ee,Ca,tenfold_strict,-405475.2483867697,Ca-supported,correct
triple_096,q9z4j7-pqq-la_model,q9z4j7-pqq-la_model__envelope_5eba0c9b39ead1ee,Ca,threefold3p5,-405475.2469417841,Ca-supported,correct
triple_097,q9z4j7-pqq-la_model,q9z4j7-pqq-la_model__envelope_5eba0c9b39ead1ee,Ca,envelope_mathematical,-405475.56061235565,Ca-supported,correct
triple_097,q9z4j7-pqq-la_model,q9z4j7-pqq-la_model__envelope_5eba0c9b39ead1ee,Ca,envelope_operational,-405475.56061235565,Ca-supported,correct
triple_097,q9z4j7-pqq-la_model,q9z4j7-pqq-la_model__envelope_5eba0c9b39ead1ee,Ca,envelope_origin,-405478.6283397554,Ca-supported,correct
triple_097,q9z4j7-pqq-la_model,q9z4j7-pqq-la_model__envelope_5eba0c9b39ead1ee,Ca,released_static,-405469.6848696391,Ca-supported,correct
triple_097,q9z4j7-pqq-la_model,q9z4j7-pqq-la_model__envelope_5eba0c9b39ead1ee,Ca,tenfold_precision,-405474.8430694105,Ca-supported,correct
triple_097,q9z4j7-pqq-la_model,q9z4j7-pqq-la_model__envelope_5eba0c9b39ead1ee,Ca,tenfold_strict,-405474.84352959075,Ca-supported,correct
triple_097,q9z4j7-pqq-la_model,q9z4j7-pqq-la_model__envelope_5eba0c9b39ead1ee,Ca,threefold3p5,-405474.8430694105,Ca-supported,correct
triple_098,q9z4j7-pqq-la_model,q9z4j7-pqq-la_model__envelope_5eba0c9b39ead1ee,Ca,envelope_mathematical,-405475.56061235565,Ca-supported,correct
triple_098,q9z4j7-pqq-la_model,q9z4j7-pqq-la_model__envelope_5eba0c9b39ead1ee,Ca,envelope_operational,-405475.56061235565,Ca-supported,correct
triple_098,q9z4j7-pqq-la_model,q9z4j7-pqq-la_model__envelope_5eba0c9b39ead1ee,Ca,envelope_origin,-405478.6283397554,Ca-supported,correct
triple_098,q9z4j7-pqq-la_model,q9z4j7-pqq-la_model__envelope_5eba0c9b39ead1ee,Ca,released_static,-405477.0637286686,Ca-supported,correct
triple_098,q9z4j7-pqq-la_model,q9z4j7-pqq-la_model__envelope_5eba0c9b39ead1ee,Ca,tenfold_precision,-405474.8430694105,Ca-supported,correct
triple_098,q9z4j7-pqq-la_model,q9z4j7-pqq-la_model__envelope_5eba0c9b39ead1ee,Ca,tenfold_strict,-405474.84352959075,Ca-supported,correct
triple_098,q9z4j7-pqq-la_model,q9z4j7-pqq-la_model__envelope_5eba0c9b39ead1ee,Ca,threefold3p5,-405474.8430694105,Ca-supported,correct
triple_099,q9z4j7-pqq-la_model,q9z4j7-pqq-la_model__envelope_5eba0c9b39ead1ee,Ca,envelope_mathematical,-405476.4207961127,Ca-supported,correct
triple_099,q9z4j7-pqq-la_model,q9z4j7-pqq-la_model__envelope_5eba0c9b39ead1ee,Ca,envelope_operational,-405476.4207961127,Ca-supported,correct
triple_099,q9z4j7-pqq-la_model,q9z4j7-pqq-la_model__envelope_5eba0c9b39ead1ee,Ca,envelope_origin,-405479.34129336214,Ca-supported,correct
triple_099,q9z4j7-pqq-la_model,q9z4j7-pqq-la_model__envelope_5eba0c9b39ead1ee,Ca,released_static,-405477.0637286686,Ca-supported,correct
triple_099,q9z4j7-pqq-la_model,q9z4j7-pqq-la_model__envelope_5eba0c9b39ead1ee,Ca,tenfold_precision,-405475.2469417841,Ca-supported,correct
triple_099,q9z4j7-pqq-la_model,q9z4j7-pqq-la_model__envelope_5eba0c9b39ead1ee,Ca,tenfold_strict,-405475.2483867697,Ca-supported,correct
triple_099,q9z4j7-pqq-la_model,q9z4j7-pqq-la_model__envelope_5eba0c9b39ead1ee,Ca,threefold3p5,-405475.2469417841,Ca-supported,correct
