class	id	source_cif	source_sha256	metal_selector_source	pqq_selector_source	pqq_schema	glu_selector	glu_metal_A	asn_selector	asn_metal_A	catalytic_asp_selector	catalytic_asp_metal_A	plus2_selector	include_plus2_as_ln_specific_asp	plus2_metal_A	cationic_partner_selector	asp_o_atom	partner_n_atom	asp_o_partner_n_A	legacy_3p2_included_catalytic_asp	legacy_3p2_included_extra_asp	fixed_protein_core_selectors
La	a0a3f2yly8-pqq-la_model	/groups/banfield/projects/multienv/corkscrew/supplementary_structures/structures_alone/La-verified/a0a3f2yly8-pqq-la_model.cif	ec7cd87f1420ad9c27dc204c5f506be744511124ce7a553c9aea16da547956cc	B:LIG_B1:LA	C:LIG_C1	protenix_generic_pqq_v1	A:GLU197	2.216	A:ASN285	2.570	A:ASP327	3.161	A:ASP329	true	2.470	A:ARG354	OD2	NH2	2.768	true	true	A:GLU197;A:ASN285;A:ASP327;A:ASP329;A:ARG354
La	a0acd6b9f2-pqq-la_model	/groups/banfield/projects/multienv/corkscrew/supplementary_structures/structures_alone/La-verified/a0acd6b9f2-pqq-la_model.cif	c3b594769e75034fd6fc683decc1583bd447d5ff56c90aa78402d218b71aa73e	B:LIG_B1:LA	C:LIG_C1	protenix_generic_pqq_v1	A:GLU204	2.476	A:ASN290	2.637	A:ASP345	2.761	A:ASP347	true	2.638	A:ARG372	OD2	NH2	3.322	true	true	A:GLU204;A:ASN290;A:ASP345;A:ASP347;A:ARG372
La	c5atj3-pqq-la_model	/groups/banfield/projects/multienv/corkscrew/supplementary_structures/structures_alone/La-verified/c5atj3-pqq-la_model.cif	d58b6f3e7c0532ae046979f719910feb57e40431a4fa3d98fe7e99e42fcfb1d3	B:LIG_B1:LA	C:LIG_C1	protenix_generic_pqq_v1	A:GLU191	2.386	A:ASN275	2.658	A:ASP317	2.833	A:ASP319	true	2.587	A:ARG344	OD2	NH2	3.321	true	true	A:GLU191;A:ASN275;A:ASP317;A:ASP319;A:ARG344
La	c5axv8-pqq-la_model	/groups/banfield/projects/multienv/corkscrew/supplementary_structures/structures_alone/La-verified/c5axv8-pqq-la_model.cif	242778ff75789b80bf1dd572ecb9c484b981ba3be4542a0a86fe04d1314c4600	B:LIG_B1:LA	C:LIG_C1	protenix_generic_pqq_v1	A:GLU198	2.621	A:ASN275	2.550	A:ASP317	3.387	A:ASP319	true	2.581	A:ARG344	OD2	NH2	3.059	false	true	A:GLU198;A:ASN275;A:ASP317;A:ASP319;A:ARG344
La	c5b120-pqq-la_model	/groups/banfield/projects/multienv/corkscrew/supplementary_structures/structures_alone/La-verified/c5b120-pqq-la_model.cif	5b2887153ad3221fbc1f4170d1cf8bec5a254131f58d499c1993c537b28aba43	B:LIG_B1:LA	C:LIG_C1	protenix_generic_pqq_v1	A:GLU192	2.397	A:ASN276	2.744	A:ASP318	2.872	A:ASP320	true	2.562	A:ARG345	OD2	NH2	3.085	true	true	A:GLU192;A:ASN276;A:ASP318;A:ASP320;A:ARG345
La	i0jwn7-pqq-la_model	/groups/banfield/projects/multienv/corkscrew/supplementary_structures/structures_alone/La-verified/i0jwn7-pqq-la_model.cif	fe48b9253434d3b9e022a2e1fecdbe84e4886c29c77ad3dcb7162d6e8d31b456	B:LIG_B1:LA	C:LIG_C1	protenix_generic_pqq_v1	A:GLU206	2.506	A:ASN290	2.760	A:ASP333	2.856	A:ASP335	true	2.648	A:ARG360	OD2	NH2	3.047	true	true	A:GLU206;A:ASN290;A:ASP333;A:ASP335;A:ARG360
La	mmol_1770-pqq-la_model	/groups/banfield/projects/multienv/corkscrew/supplementary_structures/structures_alone/La-verified/mmol_1770-pqq-la_model.cif	7aa652c348ed89cf9cebd9d85ef2962af58d63d5705a4e1606fd6c35ab459980	B:LIG_B1:LA	C:LIG_C1	protenix_generic_pqq_v1	A:GLU200	2.376	A:ASN318	2.848	A:ASP360	2.871	A:ASP362	true	2.450	A:ARG383	OD2	NH2	3.333	true	true	A:GLU200;A:ASN318;A:ASP360;A:ASP362;A:ARG383
La	mmol_2048-pqq-la_model	/groups/banfield/projects/multienv/corkscrew/supplementary_structures/structures_alone/La-verified/mmol_2048-pqq-la_model.cif	44c306cf4fdc843211d92c21dcbfc335a24acd42db631c2a478cdadb88831aeb	B:LIG_B1:LA	C:LIG_C1	protenix_generic_pqq_v1	A:GLU195	2.412	A:ASN313	2.562	A:ASP355	2.993	A:ASP357	true	2.625	A:ARG378	OD2	NH2	2.999	true	true	A:GLU195;A:ASN313;A:ASP355;A:ASP357;A:ARG378
La	q88jh0-pqq-la_model	/groups/banfield/projects/multienv/corkscrew/supplementary_structures/structures_alone/La-verified/q88jh0-pqq-la_model.cif	87c38686404cfa2980df57f9897cef5befc1d19a61dfc18a9ce81f50eba84057	B:LIG_B1:LA	C:LIG_C1	protenix_generic_pqq_v1	A:GLU199	2.350	A:ASN281	2.396	A:ASP323	2.655	A:ASP325	true	2.644	A:ARG350	OD2	NH2	2.942	true	true	A:GLU199;A:ASN281;A:ASP323;A:ASP325;A:ARG350
La	q89gy2-pqq-la_model	/groups/banfield/projects/multienv/corkscrew/supplementary_structures/structures_alone/La-verified/q89gy2-pqq-la_model.cif	c4c83fb0289bba7c700feb884f6907bf82d3b4ac8039c017bcba13fe69c652db	B:LIG_B1:LA	C:LIG_C1	protenix_generic_pqq_v1	A:GLU194	2.394	A:ASN278	2.685	A:ASP320	2.834	A:ASP322	true	2.635	A:ARG347	OD2	NH2	3.040	true	true	A:GLU194;A:ASN278;A:ASP320;A:ASP322;A:ARG347
La	q92wy9-pqq-la_model	/groups/banfield/projects/multienv/corkscrew/supplementary_structures/structures_alone/La-verified/q92wy9-pqq-la_model.cif	f7cf66ef2b046bf8083224c1f18a1e4f0c7ec76730123924370f046b6b885bde	B:LIG_B1:LA	C:LIG_C1	protenix_generic_pqq_v1	A:GLU193	2.407	A:ASN277	2.812	A:ASP319	2.823	A:ASP321	true	2.410	A:ARG346	OD2	NH2	3.243	true	true	A:GLU193;A:ASN277;A:ASP319;A:ASP321;A:ARG346
Ca	a8r3s4-pqq-la_model	/groups/banfield/projects/multienv/corkscrew/supplementary_structures/structures_alone/Ca-verified/a8r3s4-pqq-la_model.cif	90218842fac0aca25f55edc9dff2f26f7be06639f0f82ffd280d9ea8e7d7c217	B:LIG_B1:LA	C:LIG_C1	protenix_generic_pqq_v1	A:GLU213	2.190	A:ASN300	2.387	A:ASP350	2.804	A:SER352	false	4.166	A:ARG378	OD2	NH2	2.952	true	false	A:GLU213;A:ASN300;A:ASP350;A:ARG378
Ca	atq70401.1-pqq-la_model	/groups/banfield/projects/multienv/corkscrew/supplementary_structures/structures_alone/Ca-verified/atq70401.1-pqq-la_model.cif	a177b60b8b538ac7eafa9b3546d06b656136b6bb4e31f021c1a6a82449f0fb7b	B:LIG_B1:LA	C:LIG_C1	protenix_generic_pqq_v1	A:GLU204	2.194	A:ASN288	2.437	A:ASP330	3.436	A:ALA332	false		A:ARG358	OD2	NH2	2.616	false	false	A:GLU204;A:ASN288;A:ASP330;A:ARG358
Ca	bbl57595.1-pqq-la_model	/groups/banfield/projects/multienv/corkscrew/supplementary_structures/structures_alone/Ca-verified/bbl57595.1-pqq-la_model.cif	e02cc1087f5dedb3355ed4ce1dd5e9dc6ec036cc62550cb3999fea5de5e6704d	B:LIG_B1:LA	C:LIG_C1	protenix_generic_pqq_v1	A:GLU206	2.178	A:ASN290	2.450	A:ASP332	3.155	A:ALA334	false		A:ARG359	OD2	NH2	2.742	true	false	A:GLU206;A:ASN290;A:ASP332;A:ARG359
Ca	o24759-pqq-la_model	/groups/banfield/projects/multienv/corkscrew/supplementary_structures/structures_alone/Ca-verified/o24759-pqq-la_model.cif	1b83378441c654b86805588fd0a3e41b7de0586af1204d3fecb149a448821825	B:LIG_B1:LA	C:LIG_C1	protenix_generic_pqq_v1	A:GLU211	2.219	A:ASN295	2.507	A:ASP337	3.406	A:ALA339	false		A:ARG365	OD2	NH2	2.700	false	false	A:GLU211;A:ASN295;A:ASP337;A:ARG365
Ca	p12293-pqq-la_model	/groups/banfield/projects/multienv/corkscrew/supplementary_structures/structures_alone/Ca-verified/p12293-pqq-la_model.cif	b3a8385349180b1275e3692897db72e3d0b339a4a9d9e716163a40f9bbc6fa33	B:LIG_B1:LA	C:LIG_C1	protenix_generic_pqq_v1	A:GLU209	2.186	A:ASN293	2.489	A:ASP335	3.329	A:ALA337	false		A:ARG363	OD2	NH2	2.817	false	false	A:GLU209;A:ASN293;A:ASP335;A:ARG363
Ca	p15279-pqq-la_model	/groups/banfield/projects/multienv/corkscrew/supplementary_structures/structures_alone/Ca-verified/p15279-pqq-la_model.cif	31fe6ba4389d4ca81bbc1aec97f64147b389c22e64935d077bd278414be62ab6	B:LIG_B1:LA	C:LIG_C1	protenix_generic_pqq_v1	A:GLU204	2.208	A:ASN288	2.456	A:ASP330	3.522	A:ALA332	false		A:ARG358	OD2	NH2	2.713	false	false	A:GLU204;A:ASN288;A:ASP330;A:ARG358
Ca	p16027-pqq-la_model	/groups/banfield/projects/multienv/corkscrew/supplementary_structures/structures_alone/Ca-verified/p16027-pqq-la_model.cif	11930fab25084e4ff4261867af795e869263fcbdb7945642993dc3345bb80e9f	B:LIG_B1:LA	C:LIG_C1	protenix_generic_pqq_v1	A:GLU204	2.214	A:ASN288	2.465	A:ASP330	3.481	A:ALA332	false		A:ARG358	OD2	NH2	2.696	false	false	A:GLU204;A:ASN288;A:ASP330;A:ARG358
Ca	p38539-pqq-la_model	/groups/banfield/projects/multienv/corkscrew/supplementary_structures/structures_alone/Ca-verified/p38539-pqq-la_model.cif	e759116e7f467450af121d5d2381128e9194f73379ea811d19bbdcb3998475ae	B:LIG_B1:LA	C:LIG_C1	protenix_generic_pqq_v1	A:GLU173	2.454	A:ASN257	2.493	A:ASP299	3.421	A:ALA301	false		A:ARG326	OD2	NH2	3.069	false	false	A:GLU173;A:ASN257;A:ASP299;A:ARG326
Ca	q4w6g0-pqq-la_model	/groups/banfield/projects/multienv/corkscrew/supplementary_structures/structures_alone/Ca-verified/q4w6g0-pqq-la_model.cif	99a4269d6ee53bf45eeea1654079a82166475a10b87fbcc3db5bfb631f01dcc4	B:LIG_B1:LA	C:LIG_C1	protenix_generic_pqq_v1	A:GLU207	2.413	A:ASN284	2.540	A:ASP329	2.496	A:THR331	false	5.925	A:LYS356	OD2	NZ	2.692	true	false	A:GLU207;A:ASN284;A:ASP329;A:LYS356
Ca	q60ar6-pqq-la_model	/groups/banfield/projects/multienv/corkscrew/supplementary_structures/structures_alone/Ca-verified/q60ar6-pqq-la_model.cif	2062869237cb11023e22f86f6e451f5cd8c4168812de046a1ab3a03f6be63fa4	B:LIG_B1:LA	C:LIG_C1	protenix_generic_pqq_v1	A:GLU205	2.218	A:ASN289	2.491	A:ASP331	3.312	A:ALA333	false		A:ARG358	OD2	NH2	2.805	false	false	A:GLU205;A:ASN289;A:ASP331;A:ARG358
Ca	q88jh5-pqq-la_model	/groups/banfield/projects/multienv/corkscrew/supplementary_structures/structures_alone/Ca-verified/q88jh5-pqq-la_model.cif	ed04fab74ee917976aa6fc5671ac6851ae2d34c66d73e41bf354bc672f736ead	B:LIG_B1:LA	C:LIG_C1	protenix_generic_pqq_v1	A:GLU221	2.243	A:ASN308	2.397	A:ASP358	2.870	A:SER360	false	4.239	A:ARG386	OD2	NH2	2.975	true	false	A:GLU221;A:ASN308;A:ASP358;A:ARG386
Ca	q8gr64-pqq-la_model	/groups/banfield/projects/multienv/corkscrew/supplementary_structures/structures_alone/Ca-verified/q8gr64-pqq-la_model.cif	f524560712b1f9aa34335f6492a23c586e30cb5880f0cd0e3cb327c4d9a86558	B:LIG_B1:LA	C:LIG_C1	protenix_generic_pqq_v1	A:GLU195	2.156	A:ASN272	2.464	A:ASP317	2.433	A:THR319	false	5.910	A:LYS344	OD2	NZ	2.584	true	false	A:GLU195;A:ASN272;A:ASP317;A:LYS344
Ca	q9l935-pqq-la_model	/groups/banfield/projects/multienv/corkscrew/supplementary_structures/structures_alone/Ca-verified/q9l935-pqq-la_model.cif	00755588ecf37f07bc9266fa4f5b47dba0fa5a24129bdfcf96f41ac57efa8c2e	B:LIG_B1:LA	C:LIG_C1	protenix_generic_pqq_v1	A:GLU199	2.333	A:ASN283	2.469	A:ASP325	3.407	A:ALA327	false		A:ARG352	OD2	NH2	2.752	false	false	A:GLU199;A:ASN283;A:ASP325;A:ARG352
Ca	q9z4j7-pqq-la_model	/groups/banfield/projects/multienv/corkscrew/supplementary_structures/structures_alone/Ca-verified/q9z4j7-pqq-la_model.cif	caf09b08abb62acbd7cbb06a520a6013f716d963b5d6ae7ee11493fbcd727459	B:LIG_B1:LA	C:LIG_C1	protenix_generic_pqq_v1	A:GLU213	2.254	A:ASN300	2.370	A:ASP350	2.929	A:SER352	false	4.197	A:ARG378	OD2	NH2	2.832	true	false	A:GLU213;A:ASN300;A:ASP350;A:ARG378
