# DFT Ca²⁺/Ln³⁺ discriminator — Ln-class hits (ΔΔE ≥ +5 kcal/mol), enriched with spicy_lams Sharur DB annotations
rank	stem	source	iptm	n_atoms	ddE_kcal	class	spicy_class	pfam	ko	novel	length_aa	bin_id	gene_id	fp_note	cif_path	workspace_path
1	NZ_JACIDR010000005_1_9_iptm0_932_s0	spicylams	0.932		+32.95	FALSE_POSITIVE (Ln-evolved)	other_VIT1	VIT1	K22736	1	232	GCF_014196425.1_ASM1419642v1_genomic	NZ_JACIDR010000005.1_9	VIT1 family transporter (Pfam:VIT1). Originally auto-flagged as Fe³⁺ FP because located in a VIT1/FecCD/TonB iron-uptake-style locus with no LanM on the contig (per 2026-04-08_hyphomicrobium-lanm-mystery-protein.md). HOWEVER: per Jacob 2026-05-09 PM, the +33 ΔΔE may instead reflect a real Ln³⁺ transporter — VIT1 family is functionally promiscuous and a Ln-co-opted VIT1 is plausible. Keep this entry as a HYPOTHESIZED FP / candidate-Ln-transporter, not a confirmed FP. Worth following up.		
2	tannasepara_NZ_JYMT	vault_panel	-		+27.46	Ln-evolved	-	-	-	-	-	-	-			
3	A0A226QCS9_acidithiobacillus	colin_extras	-		+24.42	Ln-evolved	-	-	-	-	-	-	-			
4	xoxf	vault_panel	-		+24.13	Ln-evolved	-	-	-	-	-	-	-			
5	colinpqq_la_i0jwn7_pqq_la_model	colin_la_verified	-		+23.46	Ln-evolved	-	-	-	-	-	-	-			
6	03_Euk_a0a2v0prl1_domain3chaina-pqq-la_model	unknown	-		+23.45	Ln-evolved	-	-	-	-	-	-	-			
7	00_Lav_i0jwn7-pqq-la_model	unknown	-		+23.28	Ln-evolved	-	-	-	-	-	-	-			
8	colinpqq_la_a0acd6b9f2_pqq_la_model	colin_la_verified	-		+23.02	Ln-evolved	-	-	-	-	-	-	-			
9	colinpqq_la_c5atj3_pqq_la_model	colin_la_verified	-		+22.79	Ln-evolved	-	-	-	-	-	-	-			
10	00_Lav_a0acd6b9f2-pqq-la_model	unknown	-		+22.61	Ln-evolved	-	-	-	-	-	-	-			
11	SilE_like_LanM_associated_sample_0	unknown	-		+22.40	Ln-evolved	-	-	-	-	-	-	-			
12	03_Euk_a0a2v0nw76_domain1chaina-pqq-la_model	unknown	-		+22.35	Ln-evolved	-	-	-	-	-	-	-			
13	03_Euk_a0aa35t3y3_domain1chaina-pqq-la_model	unknown	-		+21.74	Ln-evolved	-	-	-	-	-	-	-			
14	00_Lav_q89gy2-pqq-la_model	unknown	-		+21.50	Ln-evolved	-	-	-	-	-	-	-			
15	SilE_La_sample_0	unknown	-		+21.33	Ln-evolved	-	-	-	-	-	-	-			
16	colinpqq_la_q89gy2_pqq_la_model	colin_la_verified	-		+21.18	Ln-evolved	-	-	-	-	-	-	-			
17	03_Euk_a0aae0vl32_domain1chaina-pqq-la_model	unknown	-		+20.65	Ln-evolved	-	-	-	-	-	-	-			
18	00_Lav_c5atj3-pqq-la_model	unknown	-		+20.57	Ln-evolved	-	-	-	-	-	-	-			
19	FSRD01000002_1_1028_iptm0_980_s0	spicylams	0.980		+20.37	Ln-evolved	tannase	Tannase	-	0	575	GCA_900129675.1_IMG-taxon_2698537050_annotated_assembly_genomic	FSRD01000002.1_1028			
20	00_Lav_q92wy9-pqq-la_model	unknown	-		+19.40	Ln-preferring	-	-	-	-	-	-	-			
21	hyphomyst_NZ_WMBQ	vault_panel	-		+19.14	Ln-preferring	-	-	-	-	-	-	-			
22	NZ_QHJE01000001_1_740_iptm0_984_s0	spicylams	0.984		+18.74	Ln-preferring	PQQ_other	PQQ,PQQ_2	-	0	628	GCF_013626205.1_ASM1362620v1_genomic	NZ_QHJE01000001.1_740			
23	03_Euk_a0a423vtm4_domain1chaina-pqq-la_model	unknown	-		+18.70	Ln-preferring	-	-	-	-	-	-	-			
24	colinpqq_la_q88jh0_pqq_la_model	colin_la_verified	-		+18.68	Ln-preferring	-	-	-	-	-	-	-			
25	colinpqq_la_q92wy9_pqq_la_model	colin_la_verified	-		+18.26	Ln-preferring	-	-	-	-	-	-	-			
26	03_Euk_a0aae0k4h9_domain1chaina-pqq-la_model	unknown	-		+18.10	Ln-preferring	-	-	-	-	-	-	-			
27	colinpqq_la_c5b120_pqq_la_model	colin_la_verified	-		+17.92	Ln-preferring	-	-	-	-	-	-	-			
28	00_Lav_c5b120-pqq-la_model	unknown	-		+17.92	Ln-preferring	-	-	-	-	-	-	-			
29	A0A7V5CTA7_acidobacterium	colin_extras	-		+17.87	Ln-preferring	-	-	-	-	-	-	-			
30	A0A840IK71_conexibacter	colin_extras	-		+17.71	Ln-preferring	-	-	-	-	-	-	-			
31	03_Euk_b9tju5_domain1chaina-pqq-la_model	unknown	-		+17.68	Ln-preferring	-	-	-	-	-	-	-			
32	NZ_JAERVJ010000008_1_86_iptm0_962_s0	spicylams	0.962		+17.46	Ln-preferring	other_Tad	Tad	-	1	295	GCF_016745395.1_ASM1674539v1_genomic	NZ_JAERVJ010000008.1_86			
33	A0A226Q2Q9_acidithiobacillus	colin_extras	-		+17.42	Ln-preferring	-	-	-	-	-	-	-			
34	03_Euk_a0a2j6qw99_domain1chaina-pqq-la_model	unknown	-		+17.31	Ln-preferring	-	-	-	-	-	-	-			
35	03_Euk_a0a9p4ij45_domain1chaina-pqq-la_model	unknown	-		+17.13	Ln-preferring	-	-	-	-	-	-	-			
36	NZ_JACIDR010000005_1_24_iptm0_957_s0	spicylams	0.957		+16.58	Ln-preferring	-	-	-	-	-	-	-			
37	colinpqq_la_mmol_2048_pqq_la_model	colin_la_verified	-		+15.94	Ln-preferring	-	-	-	-	-	-	-			
38	03_Euk_a0aaj0bh12_domain1chaina-pqq-la_model	unknown	-		+15.93	Ln-preferring	-	-	-	-	-	-	-			
39	colinpqq_la_mmol_1770_pqq_la_model	colin_la_verified	-		+15.84	Ln-preferring	-	-	-	-	-	-	-			
40	duf2950_sample_0	unknown	-		+15.77	Ln-preferring	-	-	-	-	-	-	-			
41	03_Euk_a0a2t6zff7_domain1chaina-pqq-la_model	unknown	-		+15.72	Ln-preferring	-	-	-	-	-	-	-			
42	tannase	vault_panel	-		+15.68	Ln-preferring	-	-	-	-	-	-	-			
43	03_Euk_a0a383vah7_domain2chaina-pqq-la_model	unknown	-		+15.59	Ln-preferring	-	-	-	-	-	-	-			
44	00_Lav_q88jh0-pqq-la_model	unknown	-		+15.49	Ln-preferring	-	-	-	-	-	-	-			
45	03_Euk_a0aa35t481_domain1chaina-pqq-la_model	unknown	-		+15.29	Ln-preferring	-	-	-	-	-	-	-			
46	NZ_PSRS01000033_1_43_iptm0_990_s0	spicylams	0.990		+15.06	Ln-preferring	xoxF_K23995	PQQ,PQQ_2	K23995	0	602	GCF_004212675.1_ASM421267v1_genomic	NZ_PSRS01000033.1_43			
47	NZ_JAEMSD010000177_1_3_iptm0_990_s0	spicylams	0.990		+15.04	Ln-preferring	xoxF_K23995	PQQ,PQQ_2	K23995	0	602	GCF_016462955.1_ASM1646295v1_genomic	NZ_JAEMSD010000177.1_3			
48	03_Euk_a0aa38rje6_domain1chaina-pqq-la_model	unknown	-		+14.99	Ln-preferring	-	-	-	-	-	-	-			
49	03_Euk_a0aa35wpt6_domain1chaina-pqq-la_model	unknown	-		+14.94	Ln-preferring	-	-	-	-	-	-	-			
50	NZ_RDQF01000023_1_48_iptm0_990_s0	spicylams	0.990		+14.93	Ln-preferring	xoxF_K23995	PQQ,PQQ_2	K23995	0	602	GCF_004114425.1_ASM411442v1_genomic	NZ_RDQF01000023.1_48			
51	NZ_JAGIKT010000066_1_76_iptm0_990_s0	spicylams	0.990		+14.90	Ln-preferring	xoxF_K23995	PQQ,PQQ_2	K23995	0	602	GCF_017788805.1_ASM1778880v1_genomic	NZ_JAGIKT010000066.1_76			
52	Q2JDA3_frankia	colin_extras	-		+14.90	Ln-preferring	-	-	-	-	-	-	-			
53	00_Lav_mmol_1770-pqq-la_model	unknown	-		+14.88	Ln-preferring	-	-	-	-	-	-	-			
54	03_Euk_a0a7j7pmx4_domain1chaina-pqq-la_model	unknown	-		+14.84	Ln-preferring	-	-	-	-	-	-	-			
55	03_Euk_a0a9p3jw23_domain1chaina-pqq-la_model	unknown	-		+14.80	Ln-preferring	-	-	-	-	-	-	-			
56	NZ_AXAY01000027_1_94_iptm0_990_s0	spicylams	0.990		+14.76	Ln-preferring	xoxF_K23995	PQQ,PQQ_2	K23995	0	603	GCF_000473045.1_ASM47304v1_genomic	NZ_AXAY01000027.1_94			
57	NZ_JAFCLG010000004_1_224_iptm0_990_s0	spicylams	0.990		+14.68	Ln-preferring	xoxF_K23995	PQQ,PQQ_2	K23995	0	601	GCF_018129685.1_ASM1812968v1_genomic	NZ_JAFCLG010000004.1_224			
58	03_Euk_a0aae0mmr5_domain1chaina-pqq-la_model	unknown	-		+14.67	Ln-preferring	-	-	-	-	-	-	-			
59	NZ_SPQS01000001_1_273_iptm0_990_s0	spicylams	0.990		+14.64	Ln-preferring	xoxF_K23995	PQQ,PQQ_2	K23995	0	602	GCF_004570865.1_ASM457086v1_genomic	NZ_SPQS01000001.1_273			
60	VAZP01000222_1_2_iptm0_989_s0	spicylams	0.989		+14.59	Ln-preferring	xoxF_K23995	PQQ,PQQ_2	K23995	0	602	GCA_005882475.1_ASM588247v1_genomic	VAZP01000222.1_2			
61	NZ_WQNE01000001_1_289_iptm0_991_s0	spicylams	0.991		+14.58	Ln-preferring	xoxF_K23995	PQQ,PQQ_2	K23995	0	602	GCF_009759665.1_ASM975966v1_genomic	NZ_WQNE01000001.1_289			
62	NZ_KI911783_1_6301_iptm0_990_s0	spicylams	0.990		+14.56	Ln-preferring	xoxF_K23995	PQQ,PQQ_2	K23995	0	602	GCF_000515415.1_ASM51541v1_genomic	NZ_KI911783.1_6301			
63	03_Euk_a0a8e2jbj9_domain1chaina-pqq-la_model	unknown	-		+14.47	Ln-preferring	-	-	-	-	-	-	-			
64	03_Euk_a0a9q1l7h8_domain3chaina-pqq-la_model	unknown	-		+14.42	Ln-preferring	-	-	-	-	-	-	-			
65	NZ_JADPJG010000023_1_50_iptm0_991_s0	spicylams	0.991		+14.40	Ln-preferring	xoxF_K23995	PQQ,PQQ_2	K23995	0	601	GCF_023073335.1_ASM2307333v1_genomic	NZ_JADPJG010000023.1_50			
66	NZ_JADPJI010000005_1_26_iptm0_990_s0	spicylams	0.990		+14.40	Ln-preferring	xoxF_K23995	PQQ,PQQ_2	K23995	0	602	GCF_023073355.1_ASM2307335v1_genomic	NZ_JADPJI010000005.1_26			
67	droideka_siteB	colin_droideka	-		+14.35	Ln-preferring	-	-	-	-	-	-	-			
68	03_Euk_a0a4u0vdq8_domain1chaina-pqq-la_model	unknown	-		+14.35	Ln-preferring	-	-	-	-	-	-	-			
69	NZ_LSIC01000208_1_28_iptm0_990_s0	spicylams	0.990		+14.31	Ln-preferring	xoxF_K23995	PQQ,PQQ_2	K23995	0	602	GCF_001556045.1_ASM155604v1_genomic	NZ_LSIC01000208.1_28			
70	NZ_LWIG01000012_1_232_iptm0_990_s0	spicylams	0.990		+14.22	Ln-preferring	xoxF_K23995	PQQ,PQQ_2	K23995	0	603	GCF_002068095.1_ASM206809v1_genomic	NZ_LWIG01000012.1_232			
71	NZ_JADPJJ010000055_1_268_iptm0_990_s0	spicylams	0.990		+14.09	Ln-preferring	xoxF_K23995	PQQ,PQQ_2	K23995	0	602	GCF_023073375.1_ASM2307337v1_genomic	NZ_JADPJJ010000055.1_268			
72	NZ_JAFCKS010000014_1_28_iptm0_991_s0	spicylams	0.991		+14.07	Ln-preferring	xoxF_K23995	PQQ,PQQ_2	K23995	0	601	GCF_018129995.1_ASM1812999v1_genomic	NZ_JAFCKS010000014.1_28			
73	NZ_VSST01000002_1_29_iptm0_990_s0	spicylams	0.990		+14.02	Ln-preferring	xoxF_K23995	PQQ,PQQ_2	K23995	0	602	GCF_019402665.1_ASM1940266v1_genomic	NZ_VSST01000002.1_29			
74	NZ_AUFA01000004_1_185_iptm0_989_s0	spicylams	0.989		+13.94	Ln-preferring	xoxF_K23995	PQQ,PQQ_2	K23995	0	601	GCF_000426265.1_ASM42626v1_genomic	NZ_AUFA01000004.1_185			
75	NZ_RQIT01000014_1_113_iptm0_991_s0	spicylams	0.991		+13.94	Ln-preferring	xoxF_K23995	PQQ,PQQ_2	K23995	0	602	GCF_003837805.1_ASM383780v1_genomic	NZ_RQIT01000014.1_113			
76	03_Euk_a0a8j4w178_domain1chaina-pqq-la_model	unknown	-		+13.89	Ln-preferring	-	-	-	-	-	-	-			
77	NZ_MZXW01000050_1_239_iptm0_990_s0	spicylams	0.990		+13.79	Ln-preferring	xoxF_K23995	PQQ,PQQ_2	K23995	0	602	GCF_004123905.1_ASM412390v1_genomic	NZ_MZXW01000050.1_239			
78	NZ_FOVU01000008_1_38_iptm0_990_s0	spicylams	0.990		+13.75	Ln-preferring	xoxF_K23995	PQQ,PQQ_2	K23995	0	601	GCF_900115265.1_IMG-taxon_2651870122_annotated_assembly_genomic	NZ_FOVU01000008.1_38			
79	NZ_SPQU01000007_1_125_iptm0_990_s0	spicylams	0.990		+13.72	Ln-preferring	xoxF_K23995	PQQ,PQQ_2	K23995	0	602	GCF_004571045.1_ASM457104v1_genomic	NZ_SPQU01000007.1_125			
80	A0A4P7SKL6_actinobacteriota	colin_extras	-		+13.70	Ln-preferring	-	-	-	-	-	-	-			
81	NZ_JAFCJT010000030_1_30_iptm0_990_s0	spicylams	0.990		+13.68	Ln-preferring	xoxF_K23995	PQQ,PQQ_2	K23995	0	603	GCF_018130785.1_ASM1813078v1_genomic	NZ_JAFCJT010000030.1_30			
82	NZ_JAFCLP010000016_1_10_iptm0_990_s0	spicylams	0.990		+13.67	Ln-preferring	xoxF_K23995	PQQ,PQQ_2	K23995	0	601	GCF_018129405.1_ASM1812940v1_genomic	NZ_JAFCLP010000016.1_10			
83	NZ_VSSS01000011_1_53_iptm0_990_s0	spicylams	0.990		+13.62	Ln-preferring	xoxF_K23995	PQQ,PQQ_2	K23995	0	602	GCF_008123425.1_ASM812342v1_genomic	NZ_VSSS01000011.1_53			
84	NZ_PYFX01000022_1_40_iptm0_989_s0	spicylams	0.989		+13.61	Ln-preferring	xoxF_K23995	PQQ,PQQ_2	K23995	0	602	GCF_003020115.1_ASM302011v1_genomic	NZ_PYFX01000022.1_40			
85	NZ_JBGCBO010000001_1_1217_iptm0_990_s0	spicylams	0.990		+13.59	Ln-preferring	xoxF_K23995	PQQ,PQQ_2	K23995	0	602	GCF_041262545.1_ASM4126254v1_genomic	NZ_JBGCBO010000001.1_1217			
86	NZ_CP030051_1_2212_iptm0_990_s0	spicylams	0.990		+13.58	Ln-preferring	xoxF_K23995	PQQ,PQQ_2	K23995	0	601	GCF_004114975.1_ASM411497v1_genomic	NZ_CP030051.1_2212			
87	NZ_JACOFR010000032_1_50_iptm0_990_s0	spicylams	0.990		+13.51	Ln-preferring	xoxF_K23995	PQQ,PQQ_2	K23995	0	602	GCF_019455385.1_ASM1945538v1_genomic	NZ_JACOFR010000032.1_50			
88	NZ_JAFCKT010000017_1_45_iptm0_989_s0	spicylams	0.989		+13.47	Ln-preferring	xoxF_K23995	PQQ,PQQ_2	K23995	0	602	GCF_018129985.1_ASM1812998v1_genomic	NZ_JAFCKT010000017.1_45			
89	NZ_JADPKT010000084_1_230_iptm0_990_s0	spicylams	0.990		+13.41	Ln-preferring	xoxF_K23995	PQQ,PQQ_2	K23995	0	601	GCF_023074075.1_ASM2307407v1_genomic	NZ_JADPKT010000084.1_230			
90	NZ_AUGD01000012_1_162_iptm0_991_s0	spicylams	0.991		+13.37	Ln-preferring	xoxF_K23995	PQQ,PQQ_2	K23995	0	602	GCF_000426845.1_ASM42684v1_genomic	NZ_AUGD01000012.1_162			
91	NZ_FMAI01000037_1_8_iptm0_990_s0	spicylams	0.990		+13.36	Ln-preferring	xoxF_K23995	PQQ,PQQ_2	K23995	0	601	GCF_900094605.1_IMG-taxon_2617270735_annotated_assembly_genomic	NZ_FMAI01000037.1_8			
92	NZ_NAEX01000176_1_115_iptm0_990_s0	spicylams	0.990		+13.30	Ln-preferring	xoxF_K23995	PQQ,PQQ_2	K23995	0	602	GCF_002108675.1_ASM210867v1_genomic	NZ_NAEX01000176.1_115			
93	03_Euk_a0a420ycp2_domain1chaina-pqq-la_model	unknown	-		+13.30	Ln-preferring	-	-	-	-	-	-	-			
94	NZ_JAFCKB010000005_1_275_iptm0_990_s0	spicylams	0.990		+13.29	Ln-preferring	xoxF_K23995	PQQ,PQQ_2	K23995	0	602	GCF_018130615.1_ASM1813061v1_genomic	NZ_JAFCKB010000005.1_275			
95	NZ_JABMCJ010000084_1_105_iptm0_951_rank0	unknown	-		+13.27	Ln-preferring	-	-	-	-	-	-	-			
96	a0a1s4ant3-la-pqq_model	unknown	-		+13.25	Ln-preferring	-	-	-	-	-	-	-			
97	VAZP01000222_1_12_iptm0_973_s0	spicylams	0.973		+13.24	Ln-preferring	small_unannotated_candidate_marco	-	-	1	115	GCA_005882475.1_ASM588247v1_genomic	VAZP01000222.1_12			
98	03_Euk_a0a5n6r0h0_domain1chaina-pqq-la_model	unknown	-		+13.23	Ln-preferring	-	-	-	-	-	-	-			
99	03_Euk_a0a6j5wv68_domain2chaina-pqq-la_model	unknown	-		+13.20	Ln-preferring	-	-	-	-	-	-	-			
100	NZ_AXAS01000040_1_44_iptm0_991_s0	spicylams	0.991		+13.19	Ln-preferring	xoxF_K23995	PQQ,PQQ_2	K23995	0	601	GCF_000472925.1_ASM47292v1_genomic	NZ_AXAS01000040.1_44			
101	NZ_JACIDN010000003_1_575_iptm0_990_s0	spicylams	0.990		+13.14	Ln-preferring	-	-	-	-	-	-	-			
102	jabmcj_105_efhand5	unknown	-		+13.14	Ln-preferring	-	-	-	-	-	-	-			
103	03_Euk_a0a1y1irx0_domain1chaina-pqq-la_model	unknown	-		+13.14	Ln-preferring	-	-	-	-	-	-	-			
104	RXJC01000147_1_21_iptm0_990_s0	spicylams	0.990		+13.09	Ln-preferring	xoxF_K23995	PQQ,PQQ_2	K23995	0	601	GCA_003963435.1_ASM396343v1_genomic	RXJC01000147.1_21			
105	03_Euk_a0a815a8z3_domain1chaina-pqq-la_model	unknown	-		+13.09	Ln-preferring	-	-	-	-	-	-	-			
106	03_Euk_a0a1r3gaw4_domain2chaina-pqq-la_model	unknown	-		+13.06	Ln-preferring	-	-	-	-	-	-	-			
107	03_Euk_r8bdi3_domain1chaina-pqq-la_model	unknown	-		+13.06	Ln-preferring	-	-	-	-	-	-	-			
108	NC_004463_1_6354_iptm0_990_s0	spicylams	0.990		+13.03	Ln-preferring	xoxF_K23995	PQQ,PQQ_2	K23995	0	603	GCF_000011365.1_ASM1136v1_genomic	NC_004463.1_6354			
109	NZ_JACCHQ010000010_1_102_iptm0_991_s0	spicylams	0.991		+13.02	Ln-preferring	xoxF_K23995	PQQ,PQQ_2	K23995	0	602	GCF_016031655.1_ASM1603165v1_genomic	NZ_JACCHQ010000010.1_102			
110	NZ_PYFW01000014_1_47_iptm0_990_s0	spicylams	0.990		+13.02	Ln-preferring	xoxF_K23995	PQQ,PQQ_2	K23995	0	602	GCF_003020125.1_ASM302012v1_genomic	NZ_PYFW01000014.1_47			
111	NZ_FOUS01000018_1_118_iptm0_990_s0	spicylams	0.990		+12.96	Ln-preferring	-	-	-	-	-	-	-			
112	NZ_CP067100_1_2546_iptm0_990_s0	spicylams	0.990		+12.95	Ln-preferring	xoxF_K23995	PQQ,PQQ_2	K23995	0	601	GCF_016616235.1_ASM1661623v1_genomic	NZ_CP067100.1_2546			
113	NZ_VITY01000007_1_28_iptm0_968_s0	spicylams	0.968		+12.92	Ln-preferring	small_unannotated_candidate_marco	-	-	1	118	GCF_007993935.1_ASM799393v1_genomic	NZ_VITY01000007.1_28			
114	03_Euk_a0aae0i1l4_domain1chaina-pqq-la_model	unknown	-		+12.88	Ln-preferring	-	-	-	-	-	-	-			
115	NZ_JAPRAQ010000023_1_100_iptm0_987_s0	spicylams	0.987		+12.87	Ln-preferring	xoxF_K23995	PQQ,PQQ_2	K23995	0	604	GCF_029989365.1_ASM2998936v1_genomic	NZ_JAPRAQ010000023.1_100			
116	00_Lav_mmol_2048-pqq-la_model	unknown	-		+12.87	Ln-preferring	-	-	-	-	-	-	-			
117	NZ_CP061379_1_2065_iptm0_990_s0	spicylams	0.990		+12.85	Ln-preferring	xoxF_K23995	PQQ,PQQ_2	K23995	0	602	GCF_015624505.1_ASM1562450v1_genomic	NZ_CP061379.1_2065			
118	NZ_NWTI01000013_1_174_iptm0_990_s0	spicylams	0.990		+12.83	Ln-preferring	xoxF_K23995	PQQ,PQQ_2	K23995	0	602	GCF_002531575.1_ASM253157v1_genomic	NZ_NWTI01000013.1_174			
119	03_Euk_a0a2k1j2r4_domain1chaina-pqq-la_model	unknown	-		+12.71	Ln-preferring	-	-	-	-	-	-	-			
120	NZ_CP036533_1_6388_iptm0_968_s0	spicylams	0.968		+12.69	Ln-preferring	xoxF_K00114_subfamily	PQQ,PQQ_2	K00114	0	555	GCF_024585265.1_ASM2458526v1_genomic	NZ_CP036533.1_6388			
121	NZ_AXAZ01000036_1_56_iptm0_990_s0	spicylams	0.990		+12.60	Ln-preferring	xoxF_K23995	PQQ,PQQ_2	K23995	0	602	GCF_000473065.1_ASM47306v1_genomic	NZ_AXAZ01000036.1_56			
122	NZ_LSEF01000033_1_112_iptm0_990_s0	spicylams	0.990		+12.52	Ln-preferring	xoxF_K23995	PQQ,PQQ_2	K23995	0	601	GCF_001641695.1_ASM164169v1_genomic	NZ_LSEF01000033.1_112			
123	NZ_JYMR01000056_1_195_iptm0_989_s0	spicylams	0.989		+12.43	Ln-preferring	xoxF_K23995	PQQ,PQQ_2	K23995	0	602	GCF_000938255.1_ASM93825v1_genomic	NZ_JYMR01000056.1_195			
124	NZ_JADYVS010000003_1_80_iptm0_991_s0	spicylams	0.991		+12.42	Ln-preferring	xoxF_K23995	PQQ,PQQ_2	K23995	0	602	GCF_020194055.1_ASM2019405v1_genomic	NZ_JADYVS010000003.1_80			
125	NZ_CP030048_1_2130_iptm0_990_s0	spicylams	0.990		+12.31	Ln-preferring	xoxF_K23995	PQQ,PQQ_2	K23995	0	601	GCF_015291665.1_ASM1529166v1_genomic	NZ_CP030048.1_2130			
126	NZ_JADPJH010000028_1_321_iptm0_990_s0	spicylams	0.990		+12.25	Ln-preferring	xoxF_K23995	PQQ,PQQ_2	K23995	0	602	GCF_023073315.1_ASM2307331v1_genomic	NZ_JADPJH010000028.1_321			
127	A0A316ECB3_actinobacteriota	colin_extras	-		+12.13	Ln-preferring	-	-	-	-	-	-	-			
128	ferncalmod_A0A8T2TXN1	vault_panel	-		+12.09	Ln-preferring	-	-	-	-	-	-	-			
129	03_Euk_a0aa39whb7_domain1chaina-pqq-la_model	unknown	-		+12.07	Ln-preferring	-	-	-	-	-	-	-			
130	colinpqq_la_a0a3f2yly8_pqq_la_model	colin_la_verified	-		+12.06	Ln-preferring	-	-	-	-	-	-	-			
131	NZ_VLLA01000010_1_84_iptm0_991_s0	spicylams	0.991		+12.06	Ln-preferring	xoxF_K23995	PQQ,PQQ_2	K23995	0	603	GCF_007830635.1_ASM783063v1_genomic	NZ_VLLA01000010.1_84			
132	03_Euk_a0aae1c5y0_domain1chaina-pqq-la_model	unknown	-		+12.03	Ln-preferring	-	-	-	-	-	-	-			
133	NZ_AXAB01000036_1_35_iptm0_987_s0	spicylams	0.987		+12.02	Ln-preferring	xoxF_K23995	PQQ,PQQ_2	K23995	0	604	GCF_000472645.1_ASM47264v1_genomic	NZ_AXAB01000036.1_35			
134	NZ_CP067102_1_2608_iptm0_990_s0	spicylams	0.990		+12.01	Ln-preferring	xoxF_K23995	PQQ,PQQ_2	K23995	0	603	GCF_016616885.1_ASM1661688v1_genomic	NZ_CP067102.1_2608			
135	NZ_CP044543_1_5001_iptm0_990_s0	spicylams	0.990		+12.00	Ln-preferring	xoxF_K23995	PQQ,PQQ_2	K23995	0	603	GCF_008932115.1_ASM893211v1_genomic	NZ_CP044543.1_5001			
136	A0A140E5Y8_methylomonas	colin_extras	-		+11.98	Ln-preferring	-	-	-	-	-	-	-			
137	A0A7V4XRG4_acidobacterium	colin_extras	-		+11.96	Ln-preferring	-	-	-	-	-	-	-			
138	NZ_AXAP01000005_1_104_iptm0_985_s0	spicylams	0.985		+11.89	Ln-preferring	xoxF_K00114_subfamily	PQQ,PQQ_2	K00114	0	576	GCF_000472865.1_ASM47286v1_genomic	NZ_AXAP01000005.1_104			
139	03_Euk_a0a5n5nxk8_domain1chaina-pqq-la_model	unknown	-		+11.83	Ln-preferring	-	-	-	-	-	-	-			
140	NZ_CP013949_1_5444_iptm0_991_s0	spicylams	0.991		+11.82	Ln-preferring	xoxF_K23995	PQQ,PQQ_2	K23995	0	602	GCF_000296215.2_ASM29621v2_genomic	NZ_CP013949.1_5444			
141	03_Euk_s8dgn1_domain1chaina-pqq-la_model	unknown	-		+11.78	Ln-preferring	-	-	-	-	-	-	-			
142	NZ_CP036533_1_6395_iptm0_990_s0	spicylams	0.990		+11.77	Ln-preferring	xoxF_K23995	PQQ,PQQ_2	K23995	0	602	GCF_024585265.1_ASM2458526v1_genomic	NZ_CP036533.1_6395			
143	NC_017249_1_3431_iptm0_985_s0	spicylams	0.985		+11.73	Ln-preferring	xoxF_K23995	PQQ,PQQ_2	K23995	0	604	GCF_000284375.1_ASM28437v1_genomic	NC_017249.1_3431			
144	NZ_FNCU01000051_1_40_iptm0_990_s0	spicylams	0.990		+11.64	Ln-preferring	-	-	-	-	-	-	-			
145	C5CFK5_bryobacter	colin_extras	-		+11.64	Ln-preferring	-	-	-	-	-	-	-			
146	A0A937UUQ3_frankia	colin_extras	-		+11.64	Ln-preferring	-	-	-	-	-	-	-			
147	NZ_JYMS01000044_1_111_iptm0_990_s0	spicylams	0.990		+11.62	Ln-preferring	xoxF_K23995	PQQ,PQQ_2	K23995	0	602	GCF_000938285.1_ASM93828v1_genomic	NZ_JYMS01000044.1_111			
148	NZ_JAMJXC010000010_1_16_iptm0_953_s0	spicylams	0.953		+11.61	Ln-preferring	other_PRA-PH	PRA-PH	K01523	1	109	GCF_023571765.1_ASM2357176v1_genomic	NZ_JAMJXC010000010.1_16			
149	NZ_JAGGML010000001_1_1117_iptm0_952_s0	spicylams	0.952		+11.47	Ln-preferring	other_PRA-PH	PRA-PH	K01523	1	109	GCF_017875275.1_ASM1787527v1_genomic	NZ_JAGGML010000001.1_1117			
150	03_Euk_a0aad9wz59_domain1chaina-pqq-la_model	unknown	-		+11.47	Ln-preferring	-	-	-	-	-	-	-			
151	NZ_CP030059_1_5254_iptm0_990_s0	spicylams	0.990		+11.39	Ln-preferring	xoxF_K23995	PQQ,PQQ_2	K23995	0	602	GCF_015291745.1_ASM1529174v1_genomic	NZ_CP030059.1_5254			
152	NZ_SMNT01000047_1_28_iptm0_909_s0	spicylams	0.909		+11.37	Ln-preferring	-	-	-	-	-	-	-			
153	00_Lav_c5axv8-pqq-la_model	unknown	-		+11.37	Ln-preferring	-	-	-	-	-	-	-			
154	NZ_LVEM01000003_1_389_iptm0_990_s0	spicylams	0.990		+11.35	Ln-preferring	xoxF_K23995	PQQ,PQQ_2	K23995	0	603	GCF_001641335.1_ASM164133v1_genomic	NZ_LVEM01000003.1_389			
155	03_Euk_a0a9p4xub3_domain1chaina-pqq-la_model	unknown	-		+11.33	Ln-preferring	-	-	-	-	-	-	-			
156	03_Euk_a0a498hd21_domain1chaina-pqq-la_model	unknown	-		+11.29	Ln-preferring	-	-	-	-	-	-	-			
157	NC_014313_1_1306_iptm0_986_s0	spicylams	0.986		+11.24	Ln-preferring	xoxF_K23995	PQQ,PQQ_2	K23995	0	609	GCF_000143145.1_ASM14314v1_genomic	NC_014313.1_1306			
158	NZ_CP041656_2_2062_iptm0_990_s0	spicylams	0.990		+11.22	Ln-preferring	xoxF_K23995	PQQ,PQQ_2	K23995	0	603	GCF_007290395.2_ASM729039v2_genomic	NZ_CP041656.2_2062			
159	03_Euk_a0aae0ix53_domain1chaina-pqq-la_model	unknown	-		+11.20	Ln-preferring	-	-	-	-	-	-	-			
160	NZ_JACOFQ010000002_1_217_iptm0_990_s0	spicylams	0.990		+11.18	Ln-preferring	xoxF_K23995	PQQ,PQQ_2	K23995	0	601	GCF_019455395.1_ASM1945539v1_genomic	NZ_JACOFQ010000002.1_217			
161	03_Euk_a0a420y6j0_domain1chaina-pqq-la_model	unknown	-		+11.16	Ln-preferring	-	-	-	-	-	-	-			
162	03_Euk_a0aae0n2m5_domain1chaina-pqq-la_model	unknown	-		+11.08	Ln-preferring	-	-	-	-	-	-	-			
163	lanmfusion_NZ_LFLZ	vault_panel	-		+11.00	Ln-preferring	-	-	-	-	-	-	-			
164	A0A0P6Z0V4_methylosinus	colin_extras	-		+11.00	Ln-preferring	-	-	-	-	-	-	-			
165	NZ_LFJB01000074_1_27_iptm0_990_s0	spicylams	0.990		+10.98	Ln-preferring	-	-	-	-	-	-	-			
166	NZ_JAIRDQ010000001_1_964_iptm0_991_s0	spicylams	0.991		+10.92	Ln-preferring	xoxF_K23995	PQQ,PQQ_2	K23995	0	602	GCF_021458635.1_ASM2145863v1_genomic	NZ_JAIRDQ010000001.1_964			
167	NZ_JADPKR010000114_1_107_iptm0_990_s0	spicylams	0.990		+10.88	Ln-preferring	xoxF_K23995	PQQ,PQQ_2	K23995	0	602	GCF_023074055.1_ASM2307405v1_genomic	NZ_JADPKR010000114.1_107			
168	NZ_JACCHP010000004_1_195_iptm0_990_s0	spicylams	0.990		+10.85	Ln-preferring	xoxF_K23995	PQQ,PQQ_2	K23995	0	602	GCF_016031625.1_ASM1603162v1_genomic	NZ_JACCHP010000004.1_195			
169	03_Euk_a0a6a6ugb5_domain1chaina-pqq-la_model	unknown	-		+10.66	Ln-preferring	-	-	-	-	-	-	-			
170	Q2JD03_frankia	colin_extras	-		+10.63	Ln-preferring	-	-	-	-	-	-	-			
171	NZ_PSRR01000126_1_8_iptm0_990_s0	spicylams	0.990		+10.61	Ln-preferring	xoxF_K23995	PQQ,PQQ_2	K23995	0	602	GCF_004296405.1_ASM429640v1_genomic	NZ_PSRR01000126.1_8			
172	calexcitin	vault_panel	-		+10.59	Ln-preferring	-	-	-	-	-	-	-			
173	NZ_JAFCKP010000020_1_66_iptm0_990_s0	spicylams	0.990		+10.53	Ln-preferring	xoxF_K23995	PQQ,PQQ_2	K23995	0	602	GCF_018130245.1_ASM1813024v1_genomic	NZ_JAFCKP010000020.1_66			
174	A0A937RKB4_frankia	colin_extras	-		+10.53	Ln-preferring	-	-	-	-	-	-	-			
175	NZ_JAKLTY010000003_1_178_iptm0_990_s0	spicylams	0.990		+10.51	Ln-preferring	xoxF_K23995	PQQ,PQQ_2	K23995	0	601	GCF_022012485.1_ASM2201248v1_genomic	NZ_JAKLTY010000003.1_178			
176	NZ_LGHM01000118_1_20_iptm0_991_s0	spicylams	0.991		+10.48	Ln-preferring	xoxF_K23995	PQQ,PQQ_2	K23995	0	603	GCF_001908185.1_ASM190818v1_genomic	NZ_LGHM01000118.1_20			
177	C5CIA3_bryobacter	colin_extras	-		+10.42	FALSE_POSITIVE (Ln-preferring)	-	-	-	-	-	-	-	Rubrerythrin / bacterioferritin family — diiron (Fe-Fe) site, not Ln. Discriminator pulls CN=8 with 4 Glu (GLU15/44/108/135) but only GLU44 (2.37+2.66) and GLU135 (2.48+2.54) are truly bidentate first-shell; GLU15 and GLU108 sit at 3.2-3.5 Å, i.e. the second Fe pocket of the binuclear site. La cramming into a binuclear Fe-Fe pocket gives 2 short + 2 long Glu, ΔΔE = +10.4 kcal/mol. Same FP class as VIT1 / Zn-site: 'high-charge cation pocket with 2 bridging Glu' that diiron, di-Mn, and Ln³⁺ all match geometrically — biology context (Pfam:Rubrerythrin / Bacterioferritin) is needed to filter out.		
178	03_Euk_a0aae0nge8_domain1chaina-pqq-la_model	unknown	-		+10.39	Ln-preferring	-	-	-	-	-	-	-			
179	JACMOT010000131_1_6_iptm0_989_s0	spicylams	0.989		+10.30	Ln-preferring	DUF4394	DUF4394	-	1	261	GCA_014377915.1_ASM1437791v1_genomic	JACMOT010000131.1_6			
180	C5CIJ8_bryobacter	colin_extras	-		+10.16	Ln-preferring	-	-	-	-	-	-	-			
181	NZ_JALBHA010000014_1_25_iptm0_991_s0	spicylams	0.991		+10.15	Ln-preferring	xoxF_K23995	PQQ,PQQ_2	K23995	0	602	GCF_023006445.1_ASM2300644v1_genomic	NZ_JALBHA010000014.1_25			
182	rtxbroll_A0A3M2BIM9	vault_panel	-		+10.11	Ln-preferring	-	-	-	-	-	-	-			
183	calcineurinB_A0A8T2R3R7	vault_panel	-		+10.10	Ln-preferring	-	-	-	-	-	-	-			
184	NZ_SPQT01000017_1_113_iptm0_986_s0	spicylams	0.986		+10.10	Ln-preferring	xoxF_K23995	PQQ,PQQ_2	K23995	0	604	GCF_004571025.1_ASM457102v1_genomic	NZ_SPQT01000017.1_113			
185	NZ_WVUF01000003_1_61_iptm0_990_s0	spicylams	0.990		+10.10	Ln-preferring	xoxF_K23995	PQQ,PQQ_2	K23995	0	602	GCF_017614905.1_ASM1761490v1_genomic	NZ_WVUF01000003.1_61			
186	NZ_JADPKK010000023_1_345_iptm0_990_s0	spicylams	0.990		+10.08	Ln-preferring	xoxF_K23995	PQQ,PQQ_2	K23995	0	602	GCF_023073915.1_ASM2307391v1_genomic	NZ_JADPKK010000023.1_345			
187	NZ_VSSR01000081_1_64_iptm0_991_s0	spicylams	0.991		+10.00	Ln-preferring	xoxF_K23995	PQQ,PQQ_2	K23995	0	602	GCF_008123515.1_ASM812351v1_genomic	NZ_VSSR01000081.1_64			
188	typeAorphan_NZ_JADPKR	vault_panel	-		+9.92	Ln-preferring	-	-	-	-	-	-	-			
189	A0A1H1NKW3_actinobacteriota	colin_extras	-		+9.90	Ln-preferring	-	-	-	-	-	-	-			
190	NZ_LUUM01000248_1_5_iptm0_925_s0	spicylams	0.925		+9.86	Ln-preferring	unannotated	-	-	1	376	GCF_001644125.1_ASM164412v1_genomic	NZ_LUUM01000248.1_5			
191	03_Euk_a0a175wb53_domain1chaina-pqq-la_model	unknown	-		+9.78	Ln-preferring	-	-	-	-	-	-	-			
192	colinpqq_la_c5axv8_pqq_la_model	colin_la_verified	-		+9.75	Ln-preferring	-	-	-	-	-	-	-			
193	NZ_JADNQW010000005_1_1063_iptm0_910_s0	spicylams	0.910		+9.70	Ln-preferring	unannotated	-	-	1	340	GCF_015709455.1_ASM1570945v1_genomic	NZ_JADNQW010000005.1_1063			
194	NZ_PSRS01000033_1_36_iptm0_982_s0	spicylams	0.982		+9.67	Ln-preferring	xoxF_K00114_subfamily	PQQ,PQQ_2	K00114	0	576	GCF_004212675.1_ASM421267v1_genomic	NZ_PSRS01000033.1_36			
195	NZ_PYFX01000022_1_46_iptm0_966_s0	spicylams	0.966		+9.67	Ln-preferring	xoxF_K00114_subfamily	PQQ,PQQ_2	K00114	0	555	GCF_003020115.1_ASM302011v1_genomic	NZ_PYFX01000022.1_46			
196	NZ_LMNG01000013_1_17_iptm0_959_s0	spicylams	0.959		+9.66	Ln-preferring	M20_amidohydrolase	M20_dimer,Peptidase_M20	K01438	0	389	GCF_001423295.1_Leaf112_genomic	NZ_LMNG01000013.1_17			
197	C1F918_acidobacterium	unknown	-		+9.66	Ln-preferring	-	-	-	-	-	-	-			
198	NZ_VRUW01000024_1_49_iptm0_989_s0	spicylams	0.989		+9.62	Ln-preferring	xoxF_K23995	PQQ,PQQ_2	K23995	0	602	GCF_008039475.1_ASM803947v1_genomic	NZ_VRUW01000024.1_49			
199	NZ_JAHBGE010000013_1_26_iptm0_973_s0	spicylams	0.973		+9.56	Ln-preferring	PQQ_other	PQQ,PQQ_2	K00117	0	771	GCF_018390635.1_ASM1839063v1_genomic	NZ_JAHBGE010000013.1_26			
200	NZ_DF820425_1_6134_iptm0_990_s0	spicylams	0.990		+9.50	Ln-preferring	xoxF_K23995	PQQ,PQQ_2	K23995	0	602	GCF_000617845.2_ASM61784v2_genomic	NZ_DF820425.1_6134			
201	D3F1U8_conexibacter	unknown	-		+9.44	Ln-preferring	-	-	-	-	-	-	-			
202	03_Euk_a0a814puq6_domain1chaina-pqq-la_model	unknown	-		+9.42	Ln-preferring	-	-	-	-	-	-	-			
203	NZ_JADPKS010000078_1_42_iptm0_991_s0	spicylams	0.991		+9.40	Ln-preferring	xoxF_K23995	PQQ,PQQ_2	K23995	0	603	GCF_023074175.1_ASM2307417v1_genomic	NZ_JADPKS010000078.1_42			
204	03_Euk_a0a8s0wv60_domain1chaina-pqq-la_model	unknown	-		+9.39	Ln-preferring	-	-	-	-	-	-	-			
205	A0A6H1Q0V3_pelagibacter	colin_extras	-		+9.32	Ln-preferring	-	-	-	-	-	-	-			
206	NZ_JADPKA010000066_1_202_iptm0_990_s0	spicylams	0.990		+9.31	Ln-preferring	xoxF_K23995	PQQ,PQQ_2	K23995	0	602	GCF_023073715.1_ASM2307371v1_genomic	NZ_JADPKA010000066.1_202			
207	NZ_CP147717_1_5459_iptm0_980_s0	spicylams	0.980		+9.10	Ln-preferring	unannotated	-	-	1	556	GCF_011516625.5_ASM1151662v5_genomic	NZ_CP147717.1_5459			
208	NZ_LVYV01000005_1_62_iptm0_991_s0	spicylams	0.991		+9.05	Ln-preferring	DUF4394	DUF4394	-	1	258	GCF_001618955.1_ASM161895v1_genomic	NZ_LVYV01000005.1_62			
209	03_Euk_a0a2k3cp49_domain1chaina-pqq-la_model	unknown	-		+9.04	Ln-preferring	-	-	-	-	-	-	-			
210	C1F758_acidobacterium	unknown	-		+9.01	Ln-preferring	-	-	-	-	-	-	-			
211	NZ_LJYG01000094_1_69_iptm0_990_s0	spicylams	0.990		+9.00	Ln-preferring	xoxF_K23995	PQQ,PQQ_2	K23995	0	601	GCF_001440035.1_ABySSBR3351v1_genomic	NZ_LJYG01000094.1_69			
212	03_Euk_g2rd34_domain1chaina-pqq-la_model	unknown	-		+8.86	Ln-preferring	-	-	-	-	-	-	-			
213	NZ_CM001442_1_5510_iptm0_991_s0	spicylams	0.991		+8.85	Ln-preferring	xoxF_K23995	PQQ,PQQ_2	K23995	0	602	GCF_000244915.1_ASM24491v1_genomic	NZ_CM001442.1_5510			
214	A0A7V4XQ19_acidobacterium	colin_extras	-		+8.83	Ln-preferring	-	-	-	-	-	-	-			
215	03_Euk_a0a9w4ss10_domain1chaina-pqq-la_model	unknown	-		+8.70	Ln-preferring	-	-	-	-	-	-	-			
216	NZ_CP030059_1_5248_iptm0_968_s0	spicylams	0.968		+8.65	Ln-preferring	xoxF_K00114_subfamily	PQQ,PQQ_2	K00114	0	555	GCF_015291745.1_ASM1529174v1_genomic	NZ_CP030059.1_5248			
217	A0A109BCK6_hyphomicrobium	colin_extras	-		+8.63	Ln-preferring	-	-	-	-	-	-	-			
218	rifoxy_LaHem_control	vault_panel	-		+8.60	Ln-preferring	-	-	-	-	-	-	-			
219	NZ_CP030053_1_2043_iptm0_990_s0	spicylams	0.990		+8.60	Ln-preferring	xoxF_K23995	PQQ,PQQ_2	K23995	0	601	GCF_004114955.1_ASM411495v1_genomic	NZ_CP030053.1_2043			
220	NZ_BPQI01000118_1_36_iptm0_953_s0	spicylams	0.953		+8.55	FALSE_POSITIVE (Ln-preferring)	M20_amidohydrolase	M20_dimer,Peptidase_M20	K01438	0	383	GCF_022179165.1_ASM2217916v1_genomic	NZ_BPQI01000118.1_36	Zn binding site, geometry near-identical to PDB Zn-site reference. Discriminator confused on a 4-Asp/His-poor cluster that resembles XoxF coordination by accident.		
221	A0A231H7B4_actinobacteriota	colin_extras	-		+8.51	Ln-preferring	-	-	-	-	-	-	-			
222	03_Euk_a0a5j5al41_domain2chaina-pqq-la_model	unknown	-		+8.47	Ln-preferring	-	-	-	-	-	-	-			
223	03_Euk_a0aae0jcm1_domain1chaina-pqq-la_model	unknown	-		+8.46	Ln-preferring	-	-	-	-	-	-	-			
224	00_Lav_a0a3f2yly8-pqq-la_model	unknown	-		+8.42	Ln-preferring	-	-	-	-	-	-	-			
225	03_Euk_a0a401tze9_domain1chaina-pqq-la_model	unknown	-		+8.42	Ln-preferring	-	-	-	-	-	-	-			
226	A9B0Y3_methylosinus	unknown	-		+8.42	Ln-preferring	-	-	-	-	-	-	-			
227	arginase_A0A6N9AP46	vault_panel	-		+8.32	Ln-preferring	-	-	-	-	-	-	-			
228	droideka_siteE	colin_droideka	-		+8.29	Ln-preferring	-	-	-	-	-	-	-			
229	NZ_CP064686_1_5355_iptm0_972_s0	spicylams	0.972		+8.25	Ln-preferring	small_unannotated_candidate_marco	-	-	1	118	GCF_023100905.1_ASM2310090v1_genomic	NZ_CP064686.1_5355			
230	droideka_siteF	colin_droideka	-		+8.24	Ln-preferring	-	-	-	-	-	-	-			
231	NZ_AUGD01000012_1_167_iptm0_975_s0	spicylams	0.975		+8.21	Ln-preferring	xoxF_K00114_subfamily	PQQ,PQQ_2	K00114	0	555	GCF_000426845.1_ASM42684v1_genomic	NZ_AUGD01000012.1_167			
232	03_Euk_a0a517kzf6_domain1chaina-pqq-la_model	unknown	-		+8.16	Ln-preferring	-	-	-	-	-	-	-			
233	C1F3A8_acidobacterium	unknown	-		+8.08	Ln-preferring	-	-	-	-	-	-	-			
234	NZ_NKUG01000130_1_3_iptm0_940_s0	spicylams	0.940		+8.03	Ln-preferring	M20_amidohydrolase	Peptidase_M20	K06016	0	419	GCF_014845095.1_ASM1484509v1_genomic	NZ_NKUG01000130.1_3			
235	NZ_CP059398_1_1379_iptm0_990_s0	spicylams	0.990		+7.94	Ln-preferring	xoxF_K23995	PQQ,PQQ_2	K23995	0	602	GCF_022354745.1_ASM2235474v1_genomic	NZ_CP059398.1_1379			
236	QHBR01000279_1_12_iptm0_872_s0	spicylams	0.872		+7.88	Ln-preferring	other_polyprenyl_synt	polyprenyl_synt	K00795	1	311	GCA_003244015.1_ASM324401v1_genomic	QHBR01000279.1_12			
237	NZ_LBJC01000027_1_108_iptm0_990_s0	spicylams	0.990		+7.87	Ln-preferring	xoxF_K23995	PQQ,PQQ_2	K23995	0	601	GCF_004114535.1_ASM411453v1_genomic	NZ_LBJC01000027.1_108			
238	marco_NZ_CP030053_1_2053_4thHomolog	vault_panel	-		+7.85	Ln-preferring	-	-	-	-	-	-	-			
239	NZ_JACCHQ010000010_1_113_iptm0_969_s0	spicylams	0.969		+7.81	Ln-preferring	small_unannotated_candidate_marco	-	-	1	116	GCF_016031655.1_ASM1603165v1_genomic	NZ_JACCHQ010000010.1_113			
240	NZ_NPKQ01000003_1_263_iptm0_991_s0	spicylams	0.991		+7.80	Ln-preferring	DUF4394	DUF4394	-	1	259	GCF_008329525.1_ASM832952v1_genomic	NZ_NPKQ01000003.1_263			
241	03_Euk_a0a9p4m5q3_domain1chaina-pqq-la_model	unknown	-		+7.77	Ln-preferring	-	-	-	-	-	-	-			
242	marco_cp030053_2053	vault_panel	-		+7.76	Ln-preferring	-	-	-	-	-	-	-			
243	NZ_CP030053_1_2053_iptm0_972_s0	spicylams	0.972		+7.75	Ln-preferring	small_unannotated_candidate_marco	-	-	1	118	GCF_004114955.1_ASM411495v1_genomic	NZ_CP030053.1_2053			
244	fernparv_A0A8T2SI74	vault_panel	-		+7.66	Ln-preferring	-	-	-	-	-	-	-			
245	NZ_JAKSXV010000062_1_38_iptm0_956_s0	spicylams	0.956		+7.66	Ln-preferring	M20_amidohydrolase	M20_dimer,Peptidase_M20	K01438	0	389	GCF_022829345.1_ASM2282934v1_genomic	NZ_JAKSXV010000062.1_38			
246	NZ_VMOA01000074_1_9_iptm0_939_s0	spicylams	0.939		+7.64	Ln-preferring	M20_amidohydrolase	M20_dimer,Peptidase_M20	K06016	0	419	GCF_020662345.1_ASM2066234v1_genomic	NZ_VMOA01000074.1_9			
247	03_Euk_a0a9p4nxs7_domain1chaina-pqq-la_model	unknown	-		+7.64	Ln-preferring	-	-	-	-	-	-	-			
248	A0A937RC43_frankia	colin_extras	-		+7.62	Ln-preferring	-	-	-	-	-	-	-			
249	03_Euk_a0a6p4i6k3_domain1_contigchaina-pqq-la_model	unknown	-		+7.60	Ln-preferring	-	-	-	-	-	-	-			
250	NC_010511_1_4382_iptm0_949_s0	spicylams	0.949		+7.58	Ln-preferring	CcmF_heme_biogenesis	CcmF_C,Cytochrom_C_asm	K02198	1	661	GCF_000019365.1_ASM1936v1_genomic	NC_010511.1_4382			
251	NZ_LNCU01000098_1_144_iptm0_973_s0	spicylams	0.973		+7.58	Ln-preferring	small_unannotated_candidate_marco	-	-	1	118	GCF_001542415.1_ASM154241v1_genomic	NZ_LNCU01000098.1_144			
252	A0A124I7G3_actinobacteriota	colin_extras	-		+7.57	Ln-preferring	-	-	-	-	-	-	-			
253	Q2JFT7_frankia	colin_extras	-		+7.55	Ln-preferring	-	-	-	-	-	-	-			
254	03_Euk_a0aad8ide3_domain1_contigchaina-pqq-la_model	unknown	-		+7.54	Ln-preferring	-	-	-	-	-	-	-			
255	03_Euk_a0a9n8pqv6_domain1chaina-pqq-la_model	unknown	-		+7.47	Ln-preferring	-	-	-	-	-	-	-			
256	03_Euk_a0a1v8u0b7_domain3chaina-pqq-la_model	unknown	-		+7.46	Ln-preferring	-	-	-	-	-	-	-			
257	NZ_CP029426_2_4943_iptm0_991_s0	spicylams	0.991		+7.44	Ln-preferring	xoxF_K23995	PQQ,PQQ_2	K23995	0	602	GCF_002266435.3_ASM226643v3_genomic	NZ_CP029426.2_4943			
258	NZ_JAFCJN010000019_1_123_iptm0_969_s0	spicylams	0.969		+7.43	Ln-preferring	small_unannotated_candidate_marco	-	-	1	116	GCF_018130945.1_ASM1813094v1_genomic	NZ_JAFCJN010000019.1_123			
259	A0A937UQ24_frankia	colin_extras	-		+7.43	Ln-preferring	-	-	-	-	-	-	-			
260	03_Euk_a0a6g1i661_domain1chaina-pqq-la_model	unknown	-		+7.42	Ln-preferring	-	-	-	-	-	-	-			
261	03_Euk_a0a9d4z8i3_domain1chaina-pqq-la_model	unknown	-		+7.39	Ln-preferring	-	-	-	-	-	-	-			
262	NZ_CP059398_1_1369_iptm0_966_s0	spicylams	0.966		+7.37	Ln-preferring	small_unannotated_candidate_marco	-	-	1	116	GCF_022354745.1_ASM2235474v1_genomic	NZ_CP059398.1_1369			
263	03_Euk_a0a3e2het7_domain1chaina-pqq-la_model	unknown	-		+7.37	Ln-preferring	-	-	-	-	-	-	-			
264	NZ_JAENXS010000001_1_42_iptm0_991_s0	spicylams	0.991		+7.33	Ln-preferring	xoxF_K23995	PQQ,PQQ_2	K23995	0	602	GCF_016612535.1_ASM1661253v1_genomic	NZ_JAENXS010000001.1_42			
265	NZ_AXAP01000005_1_97_iptm0_991_s0	spicylams	0.991		+7.32	Ln-preferring	xoxF_K23995	PQQ,PQQ_2	K23995	0	602	GCF_000472865.1_ASM47286v1_genomic	NZ_AXAP01000005.1_97			
266	NZ_LMMW01000008_1_2_iptm0_927_s0	spicylams	0.927		+7.22	Ln-preferring	other_LRR_8	LRR_8	-	1	453	GCF_001422845.1_Leaf100_genomic	NZ_LMMW01000008.1_2			
267	03_Euk_a0a433de34_domain1chaina-pqq-la_model	unknown	-		+7.22	Ln-preferring	-	-	-	-	-	-	-			
268	03_Euk_d8qwe5_domain1chaina-pqq-la_model	unknown	-		+7.18	Ln-preferring	-	-	-	-	-	-	-			
269	gcamp3_A0A8T2TQ84	vault_panel	-		+7.08	Ln-preferring	-	-	-	-	-	-	-			
270	NZ_JAENXS010000001_1_33_iptm0_972_s0	spicylams	0.972		+7.07	Ln-preferring	small_unannotated_candidate_marco	-	-	1	118	GCF_016612535.1_ASM1661253v1_genomic	NZ_JAENXS010000001.1_33			
271	A0A1I4S9U0_actinobacteriota	colin_extras	-		+7.07	Ln-preferring	-	-	-	-	-	-	-			
272	Q0RS34_frankia	colin_extras	-		+7.04	Ln-preferring	-	-	-	-	-	-	-			
273	NZ_FRXO01000001_1_34_iptm0_948_s0	spicylams	0.948		+6.95	Ln-preferring	unannotated	-	-	1	206	GCF_900148505.1_IMG-taxon_2585428043_annotated_assembly_genomic	NZ_FRXO01000001.1_34			
274	NZ_JADPKT010000084_1_241_iptm0_971_s0	spicylams	0.971		+6.93	Ln-preferring	small_unannotated_candidate_marco	-	-	1	116	GCF_023074075.1_ASM2307407v1_genomic	NZ_JADPKT010000084.1_241			
275	NZ_JADPJG010000023_1_42_iptm0_966_s0	spicylams	0.966		+6.93	Ln-preferring	xoxF_K00114_subfamily	PQQ,PQQ_2	K00114	0	555	GCF_023073335.1_ASM2307333v1_genomic	NZ_JADPJG010000023.1_42			
276	A0A2I2L1I7_frankia	colin_extras	-		+6.92	Ln-preferring	-	-	-	-	-	-	-			
277	D3F5Q0_conexibacter	unknown	-		+6.89	Ln-preferring	-	-	-	-	-	-	-			
278	NZ_LUUB01000038_1_94_iptm0_973_s0	spicylams	0.973		+6.88	Ln-preferring	small_unannotated_candidate_marco	-	-	1	117	GCF_001641635.1_ASM164163v1_genomic	NZ_LUUB01000038.1_94			
279	NZ_NWTG01000021_1_16_iptm0_970_s0	spicylams	0.970		+6.85	Ln-preferring	small_unannotated_candidate_marco	-	-	1	118	GCF_002532045.1_ASM253204v1_genomic	NZ_NWTG01000021.1_16			
280	NZ_LMMW01000023_1_239_iptm0_958_s0	spicylams	0.958		+6.81	Ln-preferring	M20_amidohydrolase	M20_dimer,Peptidase_M20	K01438	0	389	GCF_001422845.1_Leaf100_genomic	NZ_LMMW01000023.1_239			
281	NZ_NAEX01000176_1_125_iptm0_972_s0	spicylams	0.972		+6.79	Ln-preferring	small_unannotated_candidate_marco	-	-	1	118	GCF_002108675.1_ASM210867v1_genomic	NZ_NAEX01000176.1_125			
282	NZ_CP050022_2_5499_iptm0_973_s0	spicylams	0.973		+6.77	Ln-preferring	small_unannotated_candidate_marco	-	-	1	126	GCF_011602485.2_ASM1160248v2_genomic	NZ_CP050022.2_5499			
283	NZ_DF820425_1_6126_iptm0_973_s0	spicylams	0.973		+6.76	Ln-preferring	xoxF_K00114_subfamily	PQQ,PQQ_2	K00114	0	555	GCF_000617845.2_ASM61784v2_genomic	NZ_DF820425.1_6126			
284	NZ_JADPKA010000066_1_196_iptm0_965_s0	spicylams	0.965		+6.75	Ln-preferring	xoxF_K00114_subfamily	PQQ,PQQ_2	K00114	0	555	GCF_023073715.1_ASM2307371v1_genomic	NZ_JADPKA010000066.1_196			
285	NZ_LVEM01000003_1_376_iptm0_971_s0	spicylams	0.971		+6.69	Ln-preferring	small_unannotated_candidate_marco	-	-	1	116	GCF_001641335.1_ASM164133v1_genomic	NZ_LVEM01000003.1_376			
286	03_Euk_a0a5n6pfi5_domain2chaina-pqq-la_model	unknown	-		+6.66	Ln-preferring	-	-	-	-	-	-	-			
287	marcobetar_NZ_CP019948	vault_panel	-		+6.64	Ln-preferring	-	-	-	-	-	-	-			
288	NZ_CP088008_1_3919_iptm0_990_s0	spicylams	0.990		+6.64	Ln-preferring	DUF4394	DUF4394	-	1	259	GCF_021044645.1_ASM2104464v1_genomic	NZ_CP088008.1_3919			
289	NZ_JACIDR010000005_1_26_iptm0_932_s0	spicylams	0.932		+6.64	Ln-preferring	other_FumaraseC_C	FumaraseC_C,Lyase_1	K01744	1	487	GCF_014196425.1_ASM1419642v1_genomic	NZ_JACIDR010000005.1_26			
290	NZ_VKHP01000184_1_20_iptm0_970_s0	spicylams	0.970		+6.62	Ln-preferring	xoxF_K00114_subfamily	PQQ,PQQ_2	K00114	0	555	GCF_010811875.1_ASM1081187v1_genomic	NZ_VKHP01000184.1_20			
291	03_Euk_a0a8t0grr4_domain1chaina-pqq-la_model	unknown	-		+6.62	Ln-preferring	-	-	-	-	-	-	-			
292	NZ_SPQT01000017_1_104_iptm0_863_s0	spicylams	0.863		+6.61	Ln-preferring	unannotated	-	-	1	302	GCF_004571025.1_ASM457102v1_genomic	NZ_SPQT01000017.1_104			
293	NZ_CP019948_1_943_iptm0_969_s0	spicylams	0.969		+6.59	Ln-preferring	small_unannotated_candidate_marco	-	-	1	114	GCF_002117405.1_ASM211740v1_genomic	NZ_CP019948.1_943			
294	NZ_CP030048_1_2139_iptm0_972_s0	spicylams	0.972		+6.58	Ln-preferring	small_unannotated_candidate_marco	-	-	1	118	GCF_015291665.1_ASM1529166v1_genomic	NZ_CP030048.1_2139			
295	NZ_LJYE01000109_1_170_iptm0_975_s0	spicylams	0.975		+6.54	Ln-preferring	small_unannotated_candidate_marco	-	-	1	118	GCF_001440015.1_BR3262k88v1_genomic	NZ_LJYE01000109.1_170			
296	NZ_PSRR01000126_1_2_iptm0_981_s0	spicylams	0.981		+6.51	Ln-preferring	xoxF_K00114_subfamily	PQQ,PQQ_2	K00114	0	576	GCF_004296405.1_ASM429640v1_genomic	NZ_PSRR01000126.1_2			
297	NZ_LGHK01000016_1_47_iptm0_968_s0	spicylams	0.968		+6.50	Ln-preferring	xoxF_K00114_subfamily	PQQ,PQQ_2	K00114	0	555	GCF_001908235.1_ASM190823v1_genomic	NZ_LGHK01000016.1_47			
298	NZ_CABFPH010000154_1_5_iptm0_953_s0	spicylams	0.953		+6.46	Ln-preferring	M20_amidohydrolase	M20_dimer,Peptidase_M20	K01438	0	383	GCF_902141845.1_CECT_9862_genomic	NZ_CABFPH010000154.1_5			
299	NZ_VLLA01000010_1_77_iptm0_964_s0	spicylams	0.964		+6.46	Ln-preferring	xoxF_K00114_subfamily	PQQ,PQQ_2	K00114	0	555	GCF_007830635.1_ASM783063v1_genomic	NZ_VLLA01000010.1_77			
300	A0A7V4XSM2_acidobacterium	colin_extras	-		+6.45	Ln-preferring	-	-	-	-	-	-	-			
301	03_Euk_a0a6p6tc78_domain1chaina-pqq-la_model	unknown	-		+6.43	Ln-preferring	-	-	-	-	-	-	-			
302	NZ_JYMT01000035_1_133_iptm0_973_s0	spicylams	0.973		+6.39	Ln-preferring	small_unannotated_candidate_marco	-	-	1	118	GCF_000938305.1_ASM93830v1_genomic	NZ_JYMT01000035.1_133			
303	NC_011894_1_4113_iptm0_950_s0	spicylams	0.950		+6.34	Ln-preferring	CcmF_heme_biogenesis	CcmF_C,Cytochrom_C_asm	K02198	1	665	GCF_000022085.1_ASM2208v1_genomic	NC_011894.1_4113			
304	03_Euk_m1c559_domain2chaina-pqq-la_model	unknown	-		+6.34	Ln-preferring	-	-	-	-	-	-	-			
305	A0A840IIQ0_conexibacter	colin_extras	-		+6.21	Ln-preferring	-	-	-	-	-	-	-			
306	droideka_siteG	colin_droideka	-		+6.20	Ln-preferring	-	-	-	-	-	-	-			
307	NZ_BPQD01000033_1_15_iptm0_955_s0	spicylams	0.955		+6.14	Ln-preferring	M20_amidohydrolase	M20_dimer,Peptidase_M20	K01438	0	391	GCF_022179065.1_ASM2217906v1_genomic	NZ_BPQD01000033.1_15			
308	NZ_LFJB01000074_1_16_iptm0_971_s0	spicylams	0.971		+6.10	Ln-preferring	-	-	-	-	-	-	-			
309	03_Euk_a0a2j6pxr2_domain1chaina-pqq-la_model	unknown	-		+6.10	Ln-preferring	-	-	-	-	-	-	-			
310	marco_akiy_44	vault_panel	-		+6.00	Ln-preferring	-	-	-	-	-	-	-			
311	NZ_JAEMSD010000177_1_9_iptm0_979_s0	spicylams	0.979		+5.98	Ln-preferring	xoxF_K00114_subfamily	PQQ,PQQ_2	K00114	0	555	GCF_016462955.1_ASM1646295v1_genomic	NZ_JAEMSD010000177.1_9			
312	A0A177LXK6_methylomonas	colin_extras	-		+5.97	Ln-preferring	-	-	-	-	-	-	-			
313	NZ_AKIY01000241_1_44_iptm0_972_s0	spicylams	0.972		+5.96	Ln-preferring	small_unannotated_candidate_marco	-	-	1	118	GCF_000282615.1_Bradyrhizobium.strYR681_v1.0_genomic	NZ_AKIY01000241.1_44			
314	NZ_LGTB01000020_1_120_iptm0_973_s0	spicylams	0.973		+5.83	Ln-preferring	small_unannotated_candidate_marco	-	-	1	118	GCF_001238275.1_ASM123827v1_genomic	NZ_LGTB01000020.1_120			
315	NZ_LFIP02000003_1_591_iptm0_970_s0	spicylams	0.970		+5.80	Ln-preferring	xoxF_K00114_subfamily	PQQ,PQQ_2	K00114	0	555	GCF_001189235.2_ASM118923v2_genomic	NZ_LFIP02000003.1_591			
316	NZ_JACOFQ010000002_1_208_iptm0_972_s0	spicylams	0.972		+5.79	Ln-preferring	small_unannotated_candidate_marco	-	-	1	118	GCF_019455395.1_ASM1945539v1_genomic	NZ_JACOFQ010000002.1_208			
317	A0A0X3X434_actinobacteriota	colin_extras	-		+5.76	Ln-preferring	-	-	-	-	-	-	-			
318	NZ_JAGKJJ010000005_1_245_iptm0_968_s0	spicylams	0.968		+5.73	Ln-preferring	xoxF_K00114_subfamily	PQQ,PQQ_2	K00114	0	555	GCF_020329505.1_ASM2032950v1_genomic	NZ_JAGKJJ010000005.1_245			
319	fnwz_175_k05358	unknown	-		+5.71	Ln-preferring	-	-	-	-	-	-	-			
320	NZ_JAFCKH010000001_1_764_iptm0_973_s0	spicylams	0.973		+5.70	Ln-preferring	small_unannotated_candidate_marco	-	-	1	118	GCF_018130505.1_ASM1813050v1_genomic	NZ_JAFCKH010000001.1_764			
321	NZ_AXAB01000036_1_46_iptm0_972_s0	spicylams	0.972		+5.69	Ln-preferring	small_unannotated_candidate_marco	-	-	1	114	GCF_000472645.1_ASM47264v1_genomic	NZ_AXAB01000036.1_46			
322	03_Euk_d8qqu8_domain1chaina-pqq-la_model	unknown	-		+5.66	Ln-preferring	-	-	-	-	-	-	-			
323	NZ_SPQU01000007_1_114_iptm0_972_s0	spicylams	0.972		+5.65	Ln-preferring	small_unannotated_candidate_marco	-	-	1	116	GCF_004571045.1_ASM457104v1_genomic	NZ_SPQU01000007.1_114			
324	NZ_VSSS01000011_1_43_iptm0_972_s0	spicylams	0.972		+5.65	Ln-preferring	small_unannotated_candidate_marco	-	-	1	116	GCF_008123425.1_ASM812342v1_genomic	NZ_VSSS01000011.1_43			
325	NZ_CP041656_2_2072_iptm0_973_s0	spicylams	0.973		+5.64	Ln-preferring	small_unannotated_candidate_marco	-	-	1	118	GCF_007290395.2_ASM729039v2_genomic	NZ_CP041656.2_2072			
326	NZ_JAFCKT010000017_1_34_iptm0_973_s0	spicylams	0.973		+5.61	Ln-preferring	small_unannotated_candidate_marco	-	-	1	118	GCF_018129985.1_ASM1812998v1_genomic	NZ_JAFCKT010000017.1_34			
327	marco_NZ_CP019948_1_943_BradyrhizUnnamed	vault_panel	-		+5.59	Ln-preferring	-	-	-	-	-	-	-			
328	NZ_JAIRDQ010000001_1_955_iptm0_972_s0	spicylams	0.972		+5.59	Ln-preferring	small_unannotated_candidate_marco	-	-	1	118	GCF_021458635.1_ASM2145863v1_genomic	NZ_JAIRDQ010000001.1_955			
329	A0A840IH94_conexibacter	colin_extras	-		+5.58	Ln-preferring	-	-	-	-	-	-	-			
330	NZ_FNWZ01000001_1_175_iptm0_986_rank0	unknown	-		+5.57	Ln-preferring	-	-	-	-	-	-	-			
331	NZ_AKIY01000241_1_48_iptm0_968_s0	spicylams	0.968		+5.46	Ln-preferring	xoxF_K00114_subfamily	PQQ,PQQ_2	K00114	0	555	GCF_000282615.1_Bradyrhizobium.strYR681_v1.0_genomic	NZ_AKIY01000241.1_48			
332	droideka_siteD	colin_droideka	-		+5.45	Ln-preferring	-	-	-	-	-	-	-			
333	NZ_JADIJP010000010_1_134_iptm0_933_s0	spicylams	0.933		+5.44	Ln-preferring	M20_amidohydrolase	Peptidase_M20	K06016	0	419	GCF_017355285.1_ASM1735528v1_genomic	NZ_JADIJP010000010.1_134			
334	marco_NZ_BSOX01000478_1_25_BliaoNingense	vault_panel	-		+5.43	Ln-preferring	-	-	-	-	-	-	-			
335	marco_bsox_25	vault_panel	-		+5.43	Ln-preferring	-	-	-	-	-	-	-			
336	03_Euk_a0aae0n4q6_domain1chaina-pqq-la_model	unknown	-		+5.40	Ln-preferring	-	-	-	-	-	-	-			
337	NZ_FRXO01000001_1_45_iptm0_975_s0	spicylams	0.975		+5.37	Ln-preferring	other_Creatinase_N	Creatinase_N,Creatinase_N_2,Peptidase_M24,Peptidase_M24_C	K01262	1	608	GCF_900148505.1_IMG-taxon_2585428043_annotated_assembly_genomic	NZ_FRXO01000001.1_45			
338	NZ_BSOX01000478_1_25_iptm0_972_s0	spicylams	0.972		+5.36	Ln-preferring	small_unannotated_candidate_marco	-	-	1	116	GCF_030160735.1_ASM3016073v1_genomic	NZ_BSOX01000478.1_25			
339	NZ_NWTI01000013_1_163_iptm0_973_s0	spicylams	0.973		+5.36	Ln-preferring	small_unannotated_candidate_marco	-	-	1	118	GCF_002531575.1_ASM253157v1_genomic	NZ_NWTI01000013.1_163			
340	marco_NZ_AKIY01000241_1_44_BradyrhizSp000282615	vault_panel	-		+5.32	Ln-preferring	-	-	-	-	-	-	-			
341	NZ_JAKSXW010000143_1_234_iptm0_950_s0	spicylams	0.950		+5.32	Ln-preferring	other_AP_endonuc_2	AP_endonuc_2	-	1	289	GCF_022829405.1_ASM2282940v1_genomic	NZ_JAKSXW010000143.1_234			
342	A0A117QAN9_actinobacteriota	colin_extras	-		+5.31	Ln-preferring	-	-	-	-	-	-	-			
343	D3F9M6_conexibacter	unknown	-		+5.31	Ln-preferring	-	-	-	-	-	-	-			
344	03_Euk_a0a836bz88_domain1chaina-pqq-la_model	unknown	-		+5.29	Ln-preferring	-	-	-	-	-	-	-			
345	lanm_fusion_sample_0	vault_panel	-		+5.27	Ln-preferring	-	-	-	-	-	-	-			
346	NZ_CP044543_1_5013_iptm0_973_s0	spicylams	0.973		+5.25	Ln-preferring	small_unannotated_candidate_marco	-	-	1	118	GCF_008932115.1_ASM893211v1_genomic	NZ_CP044543.1_5013			
347	NZ_JAFCJI010000002_1_216_iptm0_985_s0	spicylams	0.985		+5.25	Ln-preferring	xoxF_K23995	PQQ,PQQ_2	K23995	0	601	GCF_018131105.1_ASM1813110v1_genomic	NZ_JAFCJI010000002.1_216			
348	NZ_VSSS01000011_1_45_iptm0_869_s0	spicylams	0.869		+5.25	Ln-preferring	unannotated	-	-	1	302	GCF_008123425.1_ASM812342v1_genomic	NZ_VSSS01000011.1_45			
349	NZ_JADYVS010000003_1_85_iptm0_975_s0	spicylams	0.975		+5.24	Ln-preferring	xoxF_K00114_subfamily	PQQ,PQQ_2	K00114	0	555	GCF_020194055.1_ASM2019405v1_genomic	NZ_JADYVS010000003.1_85			
350	NZ_AXAZ01000036_1_49_iptm0_966_s0	spicylams	0.966		+5.19	Ln-preferring	xoxF_K00114_subfamily	PQQ,PQQ_2	K00114	0	555	GCF_000473065.1_ASM47306v1_genomic	NZ_AXAZ01000036.1_49			
351	V5SHV5_hyphomicrobium	unknown	-		+5.18	Ln-preferring	-	-	-	-	-	-	-			
352	NZ_JACVBB010000003_1_440_iptm0_966_s0	spicylams	0.966		+5.16	Ln-preferring	other_DUF2950	DUF2950	-	1	319	GCF_014852095.1_ASM1485209v1_genomic	NZ_JACVBB010000003.1_440			
353	A0A423URV2_actinobacteriota	colin_extras	-		+5.16	Ln-preferring	-	-	-	-	-	-	-			
354	C1F6W0_acidobacterium	unknown	-		+5.13	Ln-preferring	-	-	-	-	-	-	-			
355	A0A6M4ISD1_gemmatimonadota	colin_extras	-		+5.11	Ln-preferring	-	-	-	-	-	-	-			
356	03_Euk_a0a8t2u0h1_domain1chaina-pqq-la_model	unknown	-		+5.02	Ln-preferring	-	-	-	-	-	-	-			
