site_id	target_ln	donor_atom	distance_A
201	Nd	ASN34/OD1(O)	2.341221931329094
201	Nd	ASN34/ND2(N)	3.8050392691143715
201	Nd	ASP36/OD1(O)	2.3078187727589383
201	Nd	ASP36/OD2(O)	2.3237656322603018
201	Nd	ASP38/OD1(O)	2.3179842284252374
201	Nd	ASP38/OD2(O)	2.3030816555305273
201	Nd	SER40/O(O)	2.433060268921694
201	Nd	GLU42/OE1(O)	2.29685330507289
201	Nd	GLU42/OE2(O)	2.3203745774348206
201	Nd	GLU45/OE1(O)	2.313089595567521
201	Nd	GLU45/OE2(O)	2.2965269173255947
201	Eu	ASN34/OD1(O)	2.3372284818431726
201	Eu	ASN34/ND2(N)	3.8016293219501107
201	Eu	ASP36/OD1(O)	2.2990678101938764
201	Eu	ASP36/OD2(O)	2.3169985142189695
201	Eu	ASP38/OD1(O)	2.310374350267024
201	Eu	ASP38/OD2(O)	2.294230996532659
201	Eu	SER40/O(O)	2.4409796663345267
201	Eu	GLU42/OE1(O)	2.287643629612213
201	Eu	GLU42/OE2(O)	2.312386683049087
201	Eu	GLU45/OE1(O)	2.3041458905055054
201	Eu	GLU45/OE2(O)	2.286873192179265
203	Nd	ASN83/OD1(O)	2.3092250470684257
203	Nd	ASN83/ND2(N)	3.977268358525127
203	Nd	ASP85/OD1(O)	2.349254372256311
203	Nd	ASP85/OD2(O)	2.3111788925631784
203	Nd	ASP87/OD1(O)	2.317866214348256
203	Nd	ASP87/OD2(O)	2.285625085964911
203	Nd	THR89/O(O)	2.4670189821872532
203	Nd	GLU91/OE1(O)	2.316952672865421
203	Nd	GLU91/OE2(O)	2.2880458920192313
203	Nd	GLU94/OE1(O)	2.3053097615447635
203	Nd	GLU94/OE2(O)	2.2965891035317334
201	Sm	ASN34/OD1(O)	2.322784423258545
201	Sm	ASN34/ND2(N)	3.7958506055956662
201	Sm	ASP36/OD1(O)	2.283682728455185
201	Sm	ASP36/OD2(O)	2.3019779929371116
201	Sm	ASP38/OD1(O)	2.2935404233730474
201	Sm	ASP38/OD2(O)	2.276878780207954
201	Sm	SER40/O(O)	2.441961096994505
201	Sm	GLU42/OE1(O)	2.2715619579576174
201	Sm	GLU42/OE2(O)	2.2947418451311314
201	Sm	GLU45/OE1(O)	2.28652799329796
201	Sm	GLU45/OE2(O)	2.2688606093314316
202	Dy	ASN58/OD1(O)	2.295551220036998
202	Dy	ASN58/ND2(N)	3.8424965371951374
202	Dy	ASP60/OD1(O)	2.2712529822554166
202	Dy	ASP60/OD2(O)	2.2605801222036317
202	Dy	ASP62/OD1(O)	2.246397867336581
202	Dy	ASP62/OD2(O)	2.238843695599896
202	Dy	THR64/O(O)	2.502410687508352
202	Dy	GLU66/OE1(O)	2.2629056625642994
202	Dy	GLU66/OE2(O)	2.219711268955603
202	Dy	GLU69/OE1(O)	2.2245095946824174
202	Dy	GLU69/OE2(O)	2.252374187423169
202	Yb	ASN58/OD1(O)	2.299820418019398
202	Yb	ASN58/ND2(N)	3.8474541053742657
202	Yb	ASP60/OD1(O)	2.268840303515006
202	Yb	ASP60/OD2(O)	2.267118552157227
202	Yb	ASP62/OD1(O)	2.252492714810084
202	Yb	ASP62/OD2(O)	2.24036026593376
202	Yb	THR64/O(O)	2.5176545334966494
202	Yb	GLU66/OE1(O)	2.2422850656829922
202	Yb	GLU66/OE2(O)	2.265719497190089
202	Yb	GLU69/OE1(O)	2.2252243434671923
202	Yb	GLU69/OE2(O)	2.2550987800534497
202	Lu	ASN58/OD1(O)	2.297254899622088
202	Lu	ASN58/ND2(N)	3.8468100256487454
202	Lu	ASP60/OD1(O)	2.2628010970723227
202	Lu	ASP60/OD2(O)	2.260557456141878
202	Lu	ASP62/OD1(O)	2.2456345691215773
202	Lu	ASP62/OD2(O)	2.2341831672320382
202	Lu	THR64/O(O)	2.525839670091051
202	Lu	GLU66/OE1(O)	2.2359757769622144
202	Lu	GLU66/OE2(O)	2.2586847084979134
202	Lu	GLU69/OE1(O)	2.2181240071813066
202	Lu	GLU69/OE2(O)	2.24812226979409
202	Eu	ASN58/OD1(O)	2.328811022326391
202	Eu	ASN58/ND2(N)	3.8482877626727747
202	Eu	ASP60/OD1(O)	2.318340332593203
202	Eu	ASP60/OD2(O)	2.3105667789863027
202	Eu	ASP62/OD1(O)	2.2996405456919176
202	Eu	ASP62/OD2(O)	2.290903540214171
202	Eu	THR64/O(O)	2.4650414087480046
202	Eu	GLU66/OE1(O)	2.3103263334133386
202	Eu	GLU66/OE2(O)	2.2786629849201567
202	Eu	GLU69/OE1(O)	2.2811386925281187
202	Eu	GLU69/OE2(O)	2.3083826258422477
201	La	ASN34/OD1(O)	2.3421221349384944
201	La	ASN34/ND2(N)	3.8044368090440797
201	La	ASP36/OD1(O)	2.3133383140482673
201	La	ASP36/OD2(O)	2.3274609492507508
201	La	ASP38/OD1(O)	2.321955165239702
201	La	ASP38/OD2(O)	2.3082645938969852
201	La	SER40/O(O)	2.4236491118124093
201	La	GLU42/OE1(O)	2.3034571366655197
201	La	GLU42/OE2(O)	2.3238359794531247
201	La	GLU45/OE1(O)	2.3179191607329654
201	La	GLU45/OE2(O)	2.3024863360483057
202	Tb	ASN58/OD1(O)	2.3078652582117116
202	Tb	ASN58/ND2(N)	3.846551446713139
202	Tb	ASP60/OD1(O)	2.286053593170922
202	Tb	ASP60/OD2(O)	2.2819148478251114
202	Tb	ASP62/OD1(O)	2.270332768845549
202	Tb	ASP62/OD2(O)	2.2585207721049496
202	Tb	THR64/O(O)	2.4935538100443533
202	Tb	GLU66/OE1(O)	2.260523663216811
202	Tb	GLU66/OE2(O)	2.2831576300559444
202	Tb	GLU69/OE1(O)	2.2452360831709113
202	Tb	GLU69/OE2(O)	2.274491289264658
201	Lu	ASN34/OD1(O)	2.306371103116025
201	Lu	ASN34/ND2(N)	3.7901592343941903
201	Lu	ASP36/OD1(O)	2.2448789580711397
201	Lu	ASP36/OD2(O)	2.2746418936397554
201	Lu	ASP38/OD1(O)	2.2562414378008957
201	Lu	ASP38/OD2(O)	2.239776420688802
201	Lu	SER40/O(O)	2.4898964348280357
201	Lu	GLU42/OE1(O)	2.2318596873154273
201	Lu	GLU42/OE2(O)	2.2566381937572646
201	Lu	GLU45/OE1(O)	2.246000197044962
201	Lu	GLU45/OE2(O)	2.2267844043046168
203	Dy	ASN83/OD1(O)	2.262286456050139
203	Dy	ASN83/ND2(N)	3.948213791319455
203	Dy	ASP85/OD1(O)	2.3011231094938522
203	Dy	ASP85/OD2(O)	2.250248959153081
203	Dy	ASP87/OD1(O)	2.261829638944384
203	Dy	ASP87/OD2(O)	2.221511759577924
203	Dy	THR89/O(O)	2.5127673326400766
203	Dy	GLU91/OE1(O)	2.2635070579910637
203	Dy	GLU91/OE2(O)	2.2175615333397922
203	Dy	GLU94/OE1(O)	2.2468262644063834
203	Dy	GLU94/OE2(O)	2.2287112301059384
202	La	ASN58/OD1(O)	2.3344125936971114
202	La	ASN58/ND2(N)	3.8485644069019185
202	La	ASP60/OD1(O)	2.3302122236301477
202	La	ASP60/OD2(O)	2.323538381695554
202	La	ASP62/OD1(O)	2.312770880202286
202	La	ASP62/OD2(O)	2.304989983211356
202	La	THR64/O(O)	2.445461265378016
202	La	GLU66/OE1(O)	2.322030791249147
202	La	GLU66/OE2(O)	2.2955713326550384
202	La	GLU69/OE1(O)	2.2973037325296546
202	La	GLU69/OE2(O)	2.3215347549108016
201	Yb	ASN34/OD1(O)	2.3087152663267956
201	Yb	ASN34/ND2(N)	3.790968650541727
201	Yb	ASP36/OD1(O)	2.2515797101104047
201	Yb	ASP36/OD2(O)	2.2792898360593603
201	Yb	ASP38/OD1(O)	2.2635330611490585
201	Yb	ASP38/OD2(O)	2.2459153016269866
201	Yb	SER40/O(O)	2.4814280400600293
201	Yb	GLU42/OE1(O)	2.2388477034353422
201	Yb	GLU42/OE2(O)	2.263455449533488
201	Yb	GLU45/OE1(O)	2.253333318580031
201	Yb	GLU45/OE2(O)	2.2340818394721107
201	Dy	ASN34/OD1(O)	2.302451532214722
201	Dy	ASN34/ND2(N)	3.787498211832298
201	Dy	ASP36/OD1(O)	2.247184973962135
201	Dy	ASP36/OD2(O)	2.2739975901459752
201	Dy	ASP38/OD1(O)	2.2567610552097963
201	Dy	ASP38/OD2(O)	2.2411081410425537
201	Dy	SER40/O(O)	2.477234004179637
201	Dy	GLU42/OE1(O)	2.234155734101955
201	Dy	GLU42/OE2(O)	2.257520916023664
201	Dy	GLU45/OE1(O)	2.247593572084296
201	Dy	GLU45/OE2(O)	2.228534869548339
202	Sm	ASN58/OD1(O)	2.315699205956443
202	Sm	ASN58/ND2(N)	3.8453301826079307
202	Sm	ASP60/OD1(O)	2.3033819599806087
202	Sm	ASP60/OD2(O)	2.2946816694749717
202	Sm	ASP62/OD1(O)	2.2823574809694356
202	Sm	ASP62/OD2(O)	2.2741369287044355
202	Sm	THR64/O(O)	2.4664889073496123
202	Sm	GLU66/OE1(O)	2.2949011557932555
202	Sm	GLU66/OE2(O)	2.2610224958473024
202	Sm	GLU69/OE1(O)	2.263381276572851
202	Sm	GLU69/OE2(O)	2.290726037099479
203	La	ASN83/OD1(O)	2.3117888285423644
203	La	ASN83/ND2(N)	3.979910915670905
203	La	ASP85/OD1(O)	2.3518704797656214
203	La	ASP85/OD2(O)	2.3168462101546874
203	La	ASP87/OD1(O)	2.32182566327853
203	La	ASP87/OD2(O)	2.2919113387446806
203	La	THR89/O(O)	2.4558096893381904
203	La	THR89/OG1(O)	3.978534263491263
203	La	GLU91/OE1(O)	2.3213279872548678
203	La	GLU91/OE2(O)	2.2945065839492704
203	La	GLU94/OE1(O)	2.310420896740745
203	La	GLU94/OE2(O)	2.303505686888112
202	Nd	ASN58/OD1(O)	2.3312800126191875
202	Nd	ASN58/ND2(N)	3.8522328797867873
202	Nd	ASP60/OD1(O)	2.3219657228496073
202	Nd	ASP60/OD2(O)	2.31758354758265
202	Nd	ASP62/OD1(O)	2.3090559303282396
202	Nd	ASP62/OD2(O)	2.2979477847230254
202	Nd	THR64/O(O)	2.461115954183513
202	Nd	GLU66/OE1(O)	2.2997771880306908
202	Nd	GLU66/OE2(O)	2.3207185784871243
202	Nd	GLU69/OE1(O)	2.2887918418918716
202	Nd	GLU69/OE2(O)	2.3146150046779823
201	Tb	ASN34/OD1(O)	2.317973181300264
201	Tb	ASN34/ND2(N)	3.7951159994052412
201	Tb	ASP36/OD1(O)	2.2698464735175397
201	Tb	ASP36/OD2(O)	2.292475639008826
201	Tb	ASP38/OD1(O)	2.2807248336131294
201	Tb	ASP38/OD2(O)	2.2637950348133224
201	Tb	SER40/O(O)	2.460700476123595
201	Tb	GLU42/OE1(O)	2.2571289077411976
201	Tb	GLU42/OE2(O)	2.2820054438049957
201	Tb	GLU45/OE1(O)	2.2725587659042628
201	Tb	GLU45/OE2(O)	2.25386657484377
203	Yb	ASN83/OD1(O)	2.2674307868856722
203	Yb	ASN83/ND2(N)	3.950531440071553
203	Yb	ASP85/OD1(O)	2.3071565366200932
203	Yb	ASP85/OD2(O)	2.2539488753041166
203	Yb	ASP87/OD1(O)	2.268913994291875
203	Yb	ASP87/OD2(O)	2.2262793872614695
203	Yb	THR89/O(O)	2.5146385499283657
203	Yb	GLU91/OE1(O)	2.2680255880312776
203	Yb	GLU91/OE2(O)	2.2233336393737377
203	Yb	GLU94/OE1(O)	2.252821010272224
203	Yb	GLU94/OE2(O)	2.2328758675476568
203	Eu	ASN83/OD1(O)	2.301419020000092
203	Eu	ASN83/ND2(N)	3.973236525252604
203	Eu	ASP85/OD1(O)	2.343483079419795
203	Eu	ASP85/OD2(O)	2.3023860565430376
203	Eu	ASP87/OD1(O)	2.31124427941485
203	Eu	ASP87/OD2(O)	2.2758547554177904
203	Eu	THR89/O(O)	2.4764690853974587
203	Eu	GLU91/OE1(O)	2.309218621793618
203	Eu	GLU91/OE2(O)	2.278057338468769
203	Eu	GLU94/OE1(O)	2.297016236268435
203	Eu	GLU94/OE2(O)	2.2870000169296265
203	Lu	ASN83/OD1(O)	2.2631185750739777
203	Lu	ASN83/ND2(N)	3.9491548739337974
203	Lu	ASP85/OD1(O)	2.302275563781047
203	Lu	ASP85/OD2(O)	2.2477842446860787
203	Lu	ASP87/OD1(O)	2.2623697977260266
203	Lu	ASP87/OD2(O)	2.2200443130195615
203	Lu	THR89/O(O)	2.5240220068909585
203	Lu	GLU91/OE1(O)	2.2631317938208357
203	Lu	GLU91/OE2(O)	2.214871014359245
203	Lu	GLU94/OE1(O)	2.246646716749053
203	Lu	GLU94/OE2(O)	2.22608619977054
203	Sm	ASN83/OD1(O)	2.2846859858816133
203	Sm	ASN83/ND2(N)	3.9726579467325362
203	Sm	ASP85/OD1(O)	2.3215926381461145
203	Sm	ASP85/OD2(O)	2.2846697277178887
203	Sm	ASP87/OD1(O)	2.294809223748383
203	Sm	ASP87/OD2(O)	2.257794053224239
203	Sm	THR89/O(O)	2.4859408174433972
203	Sm	THR89/OG1(O)	3.8999439723155853
203	Sm	GLU91/OE1(O)	2.2752171760827733
203	Sm	GLU91/OE2(O)	2.287067245672904
203	Sm	GLU94/OE1(O)	2.2780180562845507
203	Sm	GLU94/OE2(O)	2.266134288425005
203	Tb	ASN83/OD1(O)	2.275881344691443
203	Tb	ASN83/ND2(N)	3.96749821013734
203	Tb	ASP85/OD1(O)	2.311984715517729
203	Tb	ASP85/OD2(O)	2.271634409809411
203	Tb	ASP87/OD1(O)	2.283840762999679
203	Tb	ASP87/OD2(O)	2.2433840570989956
203	Tb	THR89/O(O)	2.5068765249873564
203	Tb	THR89/OG1(O)	3.912107341535934
203	Tb	GLU91/OE1(O)	2.261440335120899
203	Tb	GLU91/OE2(O)	2.273966321677776
203	Tb	GLU94/OE1(O)	2.266176995713814
203	Tb	GLU94/OE2(O)	2.2501433635438457
