stem	outcome	n_atoms_la_new	closest_donor	cutoff_used	carver	job_id	note
A0A0D7CEY6_actinobacteriota	CARVE_AMBIGUOUS	1	CYS125/SG@2.36A	3.5_retry	carve_generic		
A0A0D8B5U5_frankia	RECARVED_AND_SUBMITTED	10	THR293/OG1@2.47A	3.5_retry	carve_generic	1105091	
A0A0J8WZE3_actinobacteriota	CARVE_AMBIGUOUS	1	THR36/OG1@2.60A	3.5_retry	carve_generic		
A0A0X3X1I9_actinobacteriota	RECARVED_AND_SUBMITTED	8	ASP190/OD1@3.31A	3.5_retry	carve_generic	1105092	
A0A3D4VCA6_gemmatimonadota	RECARVED_AND_SUBMITTED	11	GLU379/OE1@3.48A	3.5_retry	carve_generic	1105093	
A0A5C7WG50_methylophilus	SOLVENT_EXCLUDE	1	GLN175/O@4.22A	3.0	carve_generic		
A0A5C7WI58_methylophilus	RECARVED_AND_SUBMITTED	7	CYS489/SG@2.20A	3.5_retry	carve_generic	1105094	
A0A7V4XQS1_acidobacterium	CARVE_AMBIGUOUS	1	ARG240/NH2@3.99A	3.0	carve_generic		
A0A7V4XSJ5_acidobacterium	SOLVENT_EXCLUDE	1	ARG417/NH1@7.94A	3.0	carve_generic		
A0A7V4XT12_acidobacterium	CARVE_AMBIGUOUS	1	CYS42/SG@1.98A	3.5_retry	carve_generic		
A0A7V4XTK2_acidobacterium	RECARVED_AND_SUBMITTED	11	GLU32/OE1@3.10A	3.5_retry	carve_generic	1105095	
C5CEG7_bryobacter	RECARVED_AND_SUBMITTED	11	GLU481/OE1@3.07A	3.5_retry	carve_generic	1105096	
FSRD01000002_1_1030_iptm0_924_s0	CARVE_AMBIGUOUS	1	HIS251/NE2@2.00A	3.5_retry	carve_generic		
FSRD01000002_1_1033_iptm0_947_s0	CARVE_AMBIGUOUS	1	HIS146/ND1@1.87A	3.5_retry	carve_generic		
JADYVE010000002_1_651_iptm0_958_s0	CARVE_AMBIGUOUS	1	CYS43/SG@2.23A	3.5_retry	carve_generic		
JAEUMD010000019_1_110_iptm0_906_s0	RECARVED_AND_SUBMITTED	9	THR133/O@2.61A	3.0	carve_generic	1105097	
JAEUMD010000019_1_111_iptm0_956_s0	CARVE_AMBIGUOUS	1	CYS98/SG@2.24A	3.5_retry	carve_generic		
NZ_FNWZ01000004_1_234_iptm0_988_rank0	RECARVED_AND_SUBMITTED	25	GLY251/O@2.19A	pqq_default	carve_with_pqq	1105098	
fnwz_234_gsdh	RECARVED_AND_SUBMITTED	25	GLY251/O@2.19A	pqq_default	carve_with_pqq	1105099	
