task_id,status,reused,old_hartree,strict_hartree,change_kcal_mol,SCF_cycles,wall_seconds,printed_max_density_within,printed_rms_density_within,input_sha,output_sha
4MAE__extra_acidic_ligand_homolog_m0p2__Ca__vacuum,complete,False,-350.401583295037,-350.401583403038,-6.777162626827941e-05,36,19.401568,True,True,dfe60479562e45843707d69e9356b6599831fd6d972992ca34d52fe03c71337c,886ae51315ec349739d9124886ed57a0c99f802930eb0092d86f5d729bcfe2b6
4MAE__extra_acidic_ligand_homolog_m0p2__Ca__alpb,complete,False,-350.952459968969,-350.952465429404,-0.003426474715940332,25,17.082077,True,True,f213e61d24398665b78c46056f445aaacff98b5c3220ad7e282bcfbe97212dea,feae363fc2416140cc0ae4437ed232125789c8758caf1de1345ccacb1a7fbc6e
4MAE__extra_acidic_ligand_homolog_m0p2__La__vacuum,complete,False,-351.934552525505,-351.93456707567,-0.00913036636232994,95,29.105166,False,True,98faf01bb890ea96599c491eb87452cf1a41d4e74632e81d18fab8cc32e71f44,9ee7a1118e698b58139ba6d9c24f9b5220b72f103d900661282983139416ac7f
4MAE__extra_acidic_ligand_homolog_m0p2__La__alpb,complete,False,-352.321373499644,-352.321377038626,-0.0022207447421673018,75,25.864922,False,True,2968f83ee9990250accd40b7a9c0cbf3409ede749134e81681b0a4c4e79b89e2,8516758bd963a483404efd75048a4a19934a47de7a50651eadfaa135b5a72e85
4MAE__extra_acidic_ligand_homolog_0p2__Ca__vacuum,complete,False,-350.398893650837,-350.398894053042,-0.0002523874412844526,29,17.713061,True,True,dfe60479562e45843707d69e9356b6599831fd6d972992ca34d52fe03c71337c,7bd37661290c8ca049a88a5c3eefca736d3e13ad48e9d72b3d97e02e4361831b
4MAE__extra_acidic_ligand_homolog_0p2__Ca__alpb,complete,False,-350.94967703924,-350.949677289698,-0.0001571647773874529,24,16.463488,True,True,f213e61d24398665b78c46056f445aaacff98b5c3220ad7e282bcfbe97212dea,eda4f71ee5bbcfa59718a991de9e0d70b840073e85591907a6b7a8c36a39ad04
4MAE__extra_acidic_ligand_homolog_0p2__La__vacuum,complete,False,-351.926744547053,-351.92674587647,-0.000834221791124767,59,23.194868,False,True,98faf01bb890ea96599c491eb87452cf1a41d4e74632e81d18fab8cc32e71f44,96a46f948c43a5faf6b1944a3a87cfe444497e7c8e7f3101565e3197d8c1abd8
4MAE__extra_acidic_ligand_homolog_0p2__La__alpb,complete,False,-352.313252965458,-352.313254085083,-0.0007025752841270544,115,32.784718,False,True,2968f83ee9990250accd40b7a9c0cbf3409ede749134e81681b0a4c4e79b89e2,1e4f2e7ccc945654c7377bd7748c9b2f5dee8c05983f8e0e48da68c74ed70f04
PQQSEQ_83440678cbbd658047c9__origin__Ca__vacuum,complete,False,-326.223275046358,-326.223275173936,-8.005637117257436e-05,34,17.989251,True,True,dfe60479562e45843707d69e9356b6599831fd6d972992ca34d52fe03c71337c,dd5925b160d1d887ddd5ad45e7d67c40ae7aa0eb19b7a960c60fd070723994db
PQQSEQ_83440678cbbd658047c9__origin__Ca__alpb,complete,False,-326.758993114019,-326.758993215203,-6.349392743770477e-05,27,16.351294,True,True,f213e61d24398665b78c46056f445aaacff98b5c3220ad7e282bcfbe97212dea,b7d4fdbdcd458af26c1b82e6b7ad00abcd5f37d25834ee47a1c1b812814b876b
PQQSEQ_83440678cbbd658047c9__origin__La__vacuum,complete,False,-328.106901641664,-328.106902044833,-0.00025299236514909895,45,20.02622,False,True,98faf01bb890ea96599c491eb87452cf1a41d4e74632e81d18fab8cc32e71f44,453636de561fcdfca3df1d022973e2a9925eeee5fe3381cb83e80ebd25c67461
PQQSEQ_83440678cbbd658047c9__origin__La__alpb,complete,False,-328.467480911948,-328.467482096874,-0.0007435523037991678,37,18.991873,True,True,2968f83ee9990250accd40b7a9c0cbf3409ede749134e81681b0a4c4e79b89e2,1c0867a6a015e76195c3f020308f189db6184df02556262e77ebc09495baa3c6
PQQSEQ_83440678cbbd658047c9__extra_acidic_ligand_homolog_m0p2__Ca__vacuum,complete,False,-326.207306067873,-326.207306108625,-2.5572274442518958e-05,39,19.061618,True,True,dfe60479562e45843707d69e9356b6599831fd6d972992ca34d52fe03c71337c,81bb80f27fce16e862d58634c7302a0751676dcd734bf28545a09cb0f5bfaf8e
PQQSEQ_83440678cbbd658047c9__extra_acidic_ligand_homolog_m0p2__Ca__alpb,complete,False,-326.743158428004,-326.743158549203,-7.60535080267158e-05,27,17.173844,True,True,f213e61d24398665b78c46056f445aaacff98b5c3220ad7e282bcfbe97212dea,318dc2f6389837053445eeb0f1fc3281f3512ccad308558fa954694e015958d2
PQQSEQ_83440678cbbd658047c9__extra_acidic_ligand_homolog_m0p2__La__vacuum,complete,False,-328.090308753795,-328.090308990518,-0.00014854592318079937,60,22.672933,True,True,98faf01bb890ea96599c491eb87452cf1a41d4e74632e81d18fab8cc32e71f44,736943ab92076d9b552668b88ffbf17ad3b7c6acb56b3f4e0cd7bc6a2830848f
PQQSEQ_83440678cbbd658047c9__extra_acidic_ligand_homolog_m0p2__La__alpb,complete,False,-328.454604461395,-328.454610648214,-0.003882287541020051,31,17.498208,True,True,2968f83ee9990250accd40b7a9c0cbf3409ede749134e81681b0a4c4e79b89e2,f59f8409f2c33e4d2230b4e358478f07a45f36066335a94ab5622326043812f5
PQQSEQ_83440678cbbd658047c9__extra_acidic_ligand_homolog_0p2__Ca__vacuum,complete,False,-326.232058193654,-326.23206890675,-0.006722569237880109,32,17.693869,False,True,dfe60479562e45843707d69e9356b6599831fd6d972992ca34d52fe03c71337c,2a10509473e9bbb16709bf5d751b3875241b3f20b383e2647db7f57f9db50189
PQQSEQ_83440678cbbd658047c9__extra_acidic_ligand_homolog_0p2__Ca__alpb,complete,False,-326.767320385118,-326.767323223549,-0.0017811423357254421,25,16.44852,True,True,f213e61d24398665b78c46056f445aaacff98b5c3220ad7e282bcfbe97212dea,76d4d3b8808374ba9ae4ae24f54612c8706e9836d685529db5088225c0df5f6c
PQQSEQ_83440678cbbd658047c9__extra_acidic_ligand_homolog_0p2__La__vacuum,complete,False,-328.105799302004,-328.105801182097,-0.0011797761753222405,58,22.094272,True,True,98faf01bb890ea96599c491eb87452cf1a41d4e74632e81d18fab8cc32e71f44,492c35fb9f73b846bace72f749df0309c876daf0bdfa799cdb1e7a70f5a15596
PQQSEQ_83440678cbbd658047c9__extra_acidic_ligand_homolog_0p2__La__alpb,complete,False,-328.463407601395,-328.46340765388,-3.2934838861281375e-05,34,18.22383,True,True,2968f83ee9990250accd40b7a9c0cbf3409ede749134e81681b0a4c4e79b89e2,28882eabefed38bdab14423c2057434c46a2a2f9208c35fd681e0073ddcd3459
PQQSEQ_07ab500e3df76b30d71c__origin__Ca__vacuum,complete,False,-292.239817699865,-292.239947945789,-0.08173055127647516,49,18.70789,True,True,dfe60479562e45843707d69e9356b6599831fd6d972992ca34d52fe03c71337c,69ba89ee9580db2b97e9e362f599752fa6e44ef3922fac4ed3144f29b0bb183d
PQQSEQ_07ab500e3df76b30d71c__origin__Ca__alpb,complete,False,-292.751570595389,-292.751572097134,-0.0009423591996487685,27,14.476356,True,True,f213e61d24398665b78c46056f445aaacff98b5c3220ad7e282bcfbe97212dea,d16c84c38353b375825ec4b6dce07985c4d3ca7da562254acd519d584ae11343
PQQSEQ_07ab500e3df76b30d71c__origin__La__vacuum,complete,False,-294.079821854773,-294.079822243907,-0.000244185281492965,68,21.619113,True,True,98faf01bb890ea96599c491eb87452cf1a41d4e74632e81d18fab8cc32e71f44,76138e528374299e26d53f84bf97d42514059de10e42f4634086f4683eed9bbb
PQQSEQ_07ab500e3df76b30d71c__origin__La__alpb,complete,False,-294.417565061594,-294.417565990483,-0.0005828866441342547,46,18.554624,True,True,2968f83ee9990250accd40b7a9c0cbf3409ede749134e81681b0a4c4e79b89e2,4ab46a50a5e3e20c1dd70cfefcf26f852e3fe9532e378c36c26b324434b01497
PQQSEQ_07ab500e3df76b30d71c__extra_acidic_ligand_homolog_m0p2__Ca__vacuum,complete,False,-292.233822630168,-292.233825189796,-0.0016061908206113599,32,15.720129,True,True,dfe60479562e45843707d69e9356b6599831fd6d972992ca34d52fe03c71337c,e684f1a52efde3e87da05220f9d198e10da20235c453ab51dd6c407cf04a0fef
PQQSEQ_07ab500e3df76b30d71c__extra_acidic_ligand_homolog_m0p2__Ca__alpb,complete,False,-292.745583204868,-292.745584123092,-0.0005761942436148363,27,14.278633,True,True,f213e61d24398665b78c46056f445aaacff98b5c3220ad7e282bcfbe97212dea,fb257c2ff5aba648d13233dbc8875aba4f58fb22f29eb347655bb92e0d57011c
PQQSEQ_07ab500e3df76b30d71c__extra_acidic_ligand_homolog_m0p2__La__vacuum,complete,False,-294.0849068878,-294.084907927024,-0.0006521229073980082,61,20.257972,True,True,98faf01bb890ea96599c491eb87452cf1a41d4e74632e81d18fab8cc32e71f44,12a6f3b06092dbc86bf019082b8559087fdb73b180527dd3474449376f681d14
PQQSEQ_07ab500e3df76b30d71c__extra_acidic_ligand_homolog_m0p2__La__alpb,complete,False,-294.425524366877,-294.425524498914,-8.285445169844967e-05,32,15.933651,True,True,2968f83ee9990250accd40b7a9c0cbf3409ede749134e81681b0a4c4e79b89e2,302e2a617c1b8fbc82b9c6c64660d739c0062ef9a1fe8c346b584f927abc3e12
PQQSEQ_07ab500e3df76b30d71c__extra_acidic_ligand_homolog_0p2__Ca__vacuum,complete,False,-292.243479371069,-292.243479380579,-5.967626180969773e-06,39,17.197442,True,True,dfe60479562e45843707d69e9356b6599831fd6d972992ca34d52fe03c71337c,926701240f55dffc1094060e4f967409b558ed07cef817ce108304825a8c451d
PQQSEQ_07ab500e3df76b30d71c__extra_acidic_ligand_homolog_0p2__Ca__alpb,complete,False,-292.754654001847,-292.754654631574,-0.0003951596748991818,27,14.889853,True,True,f213e61d24398665b78c46056f445aaacff98b5c3220ad7e282bcfbe97212dea,e89cd615e2e497c394d73fb76b9fe6974904c5732bd33055368837766cc0d218
PQQSEQ_07ab500e3df76b30d71c__extra_acidic_ligand_homolog_0p2__La__vacuum,complete,False,-294.067510058843,-294.067510220074,-0.00010117395331695717,58,20.048767,True,True,98faf01bb890ea96599c491eb87452cf1a41d4e74632e81d18fab8cc32e71f44,3f107d9991278f050bf896260f72691eb4e2570639d5afa62fe3b4662bf230b9
PQQSEQ_07ab500e3df76b30d71c__extra_acidic_ligand_homolog_0p2__La__alpb,complete,False,-294.402695496427,-294.402696766932,-0.0007972539481502572,44,18.188259,False,True,2968f83ee9990250accd40b7a9c0cbf3409ede749134e81681b0a4c4e79b89e2,9622df60acc4d12edccafbdeee4d0facb6a7554703a66362c8757b901d08dbd6
4MAE__origin__Ca__vacuum,complete,True,-350.400320841171,-350.400320894596,-3.3524710077134725e-05,27,14.234474,True,True,dfe60479562e45843707d69e9356b6599831fd6d972992ca34d52fe03c71337c,6908290549614bb5ce4ee565e57dfa6b82e0f5504271e849f568d156c1f241f2
4MAE__origin__Ca__alpb,complete,True,-350.951383389281,-350.951383504189,-7.210586170628754e-05,25,13.817889,True,True,f213e61d24398665b78c46056f445aaacff98b5c3220ad7e282bcfbe97212dea,acd5ce2ad5c04bd80eb9f86fb3cd2aa8f40ba58478d312bbfeec777b6541d49a
4MAE__origin__La__vacuum,complete,True,-351.931156450371,-351.931197301309,-0.025634350603057195,69,28.826917,True,True,98faf01bb890ea96599c491eb87452cf1a41d4e74632e81d18fab8cc32e71f44,84aaa8ec3e3fde478d1677654ff8beb35bbb334597232fdd1bb5ecb9bc405fbb
4MAE__origin__La__alpb,complete,True,-352.318048059221,-352.318048375571,-0.00019851262013267568,88,34.957676,True,True,2968f83ee9990250accd40b7a9c0cbf3409ede749134e81681b0a4c4e79b89e2,347f6f1378d5aac01262199fe80848f592900cbf3bf251a96735fb9308335cae
